Sequence_name	strand	TSS	p-value	sequence
Random	+	77	0.036310	CACCTTATTTACTAACAGTATTTCTACCGGGGTAATTCTGGCTGG
Random	+	111	0.035790	ATTCTGGCTGGCGTTATTCAGGGAGCAATTGCACAAAGTTGGGGG
Random	+	133	0.044010	GAGCAATTGCACAAAGTTGGGGGCACTTTGCTGTCTACTGGGTAA
Random	+	169	0.008595	ACTGGGTAATTGCGGTTATTTCTGTTGTCGCATTATTTTTAACCG
Random	+	318	0.041825	GGCAATGGCGTCGTCGTGCTGCAAGGTAAGCCCAATACTGTCCAG
Random	+	650	0.021885	AGTTTTCTCGTGCCAGCAAAATGGAAGCGCCCTGATACTGCGGGA
Random	+	853	0.043330	ACCAGGCCTGTGTGTTTGATAAATTTCTCTGCCATGGTGTGCTCC
Random	+	871	0.036515	ATAAATTTCTCTGCCATGGTGTGCTCCTTATTTAATGTTGCGAAT
Random	+	1356	0.017150	CAACCGGATCGGCAAACGAAGCCGGATCGGGAATATTGTCGTTCA
Random	+	1412	0.049585	TGGCCGGGATTGGTGCCCCAGGTGACCTGCGGTGAAATTTCTTCT
Random	+	1600	0.033725	AACCAGACCGGCTTTTGCGCCCATTTCGATTGCCATATTGCACAG
Random	+	1628	0.015090	ATTGCCATATTGCACAGGGTCATACGACCTTCCATGCTTAAATCA
Random	+	1702	0.040050	ATGCCCGGTGCCGCCTGCGCTACCGGTTTTACCGATAATTGCCAG
Random	+	1721	0.022265	CTACCGGTTTTACCGATAATTGCCAGCACGATATCTTTTGCGGTA
Random	+	1892	0.038860	GCGCCGTGGGTGGCGGTATGCGAGTCGCCGCAGACAATGGTCATC
Random	+	1974	0.017340	GGACGATCCCCTGATACGGGTGATTCAGGTCATACAGTTCGACGC
Random	+	2051	0.037745	ATCTGGATACGCGCCATTTCACCGCAGGCATTAATGTCTTTGGTC
Random	+	2250	0.028490	CGTACACAACGTGAGCGTCGAACAATTTTTCGTATAACGTCTTAG
Random	+	2283	0.034960	ATAACGTCTTAGCCATGATTACACCCCTTCTGCTACATAGCGGGC
Random	+	2409	0.036460	GCGGTTAATGGCGCGTTCAATGGCGCAAGCCGCATCATCGGCATC
Random	+	2521	0.011935	GCGATATCTGGTGCCGAGCCGCCCGCCGGTTCATACAGTCCAAAA
Random	+	2559	0.024625	TCCAAAACCTTGCTCGTTCAGGCTGGCGGAAGGCAACATCCCCAT
Random	+	2601	0.028880	CATCGAGCCAGTGATCATTGCGCACTCGTCAGACAGAATGTCGCC
Random	+	2641	0.039590	TCGCCAAACAGGTTGGAGCACAGCAGAACGTCAAACTGTGATGGA
Random	+	2749	0.010115	TCCGTGGCGATCTCGTTAACGATCTCCCGCCATAAAATAGAGGAT
Random	+	2802	0.046580	GTTGGCTTTATCGATCGACGTCACTTTGTGGCGACGCTTGCGAGC
Random	+	2999	0.025610	AGCCGTTTGCGGCAATGTCTGCACGCAGCGGACAGAATGCTTCCA
Random	+	3020	0.026805	CACGCAGCGGACAGAATGCTTCCAGCCCCTGATACAGTTTTGCCG
Random	+	3048	0.019795	CTGATACAGTTTTGCCGGGCGCAGGTTGCTGAATAATTTGAAGTG
Random	+	3340	0.015910	TCCGGACCAATACCGTCCCCCGGCAATACGGCAATATGGTAATTC
Random	+	3436	0.026575	GCAACTCTTTTTCGACTTCTGCGGCACGCCAGATATTGTTCAGAA
Random	+	3605	0.010795	GGCGGTCAGGCTGTATTTCACCAGTTCGACGTTATATTCAGTGAT
Random	+	3656	0.010145	AATTGCCTGATAGACGGCATCGACCGGACCGTTACCGTTGGCGGC
Random	+	3718	0.036140	CGCCACAGGCCAGTTTGACGGCGGCGGTGGCGATATCGTTAGAGC
Random	+	3872	0.020615	CGCCAGCTTCAGGAAAGCATCGTACAAATTGTCTAAATTATATTC
Random	+	3892	0.038540	CGTACAAATTGTCTAAATTATATTCACTTTCTTTATACCCCATCT
Random	+	3980	0.026400	CAGATTCAGCTGGATTTGGTTCAGACCAATAGATTCTGGTGTCAT
Random	+	3990	0.015815	TGGATTTGGTTCAGACCAATAGATTCTGGTGTCATGATTTCGTAG
Random	+	3999	0.043330	TTCAGACCAATAGATTCTGGTGTCATGATTTCGTAGTTTTCGCGG
Random	+	4024	0.035310	TGATTTCGTAGTTTTCGCGGTTTTTCAGCACGCCATCCTGGTGTA
Random	+	4035	0.037830	TTTTCGCGGTTTTTCAGCACGCCATCCTGGTGTATACCGGAGGAG
Random	+	4096	0.017505	TGCCAACAATGGCTTTGTTTGCCGGGATCGGCATATTACAAATCT
Random	+	4172	0.012110	CTGGTGATTAATGGCGGTGTGGACGTTGAGAATATCCTTACGAAC
Random	+	4193	0.045970	GACGTTGAGAATATCCTTACGAACTTTGATCGCCATGATGACTTC
Random	+	4213	0.038985	GAACTTTGATCGCCATGATGACTTCTTCCAGGGAACAGTTTCCGG
Random	+	4336	0.032875	CCAGGCCCAAATCGTCGTGGGTATGTACGGAGATAATGGCTTTGT
Random	+	4535	0.018855	GGCATCTTCGCAAGAAAATTCAACATCATCGGTGTAATTACGGGC
Random	+	4641	0.023060	GCGATGTGCATTGGCGAAGTGGCAATAAAGGTATGAATACGGAAG
Random	+	4690	0.033565	CGGCGACTTTCAGGGATTCGGCCGCCACGTCGATATCTTTTTCCA
Random	+	4929	0.048380	AATGTGGTATCGAAAATAATGACTTGCTGGCTCATGGTTTGGGTC
Random	+	4973	0.031875	CCTTGTCTCTTTTAGAGCGCCTCGCTTCGGGCATAAAAAAACCCG
Random	+	5069	0.028970	CCGCTCACTCGTCTACCGCGCAAAGAAGATGCGTTTAGTAGTAGT
Random	+	5134	0.000930	GTGAGTCATTAAATCAGCTCCAGATGAATGCGATATGCTTTTAGA
Random	+	5219	0.011190	AAAACGTCCCGCCAGCGTGAGTTCTGCATCCGTAAAATTAGCTAA
Random	+	5247	0.002860	TCCGTAAAATTAGCTAATTGTGCTGCGGTGGTTAAAGTAAGCGAT
Random	+	5256	0.012295	TTAGCTAATTGTGCTGCGGTGGTTAAAGTAAGCGATATTAATTTC
Random	+	5311	0.043150	CCGACGCTTTTCATCGGTTGACATATTTCAGCATAAATTTTTGCA
Random	+	5347	0.011910	ATTTTTGCATCTAATCAACGAGGAAAAAGGGGACAAAATGCACGC
Random	+	5395	0.027085	GCAAAACCTATCCTGATGATTTGTATTGAATTATATGTTTTGCGA
Random	+	5416	0.019760	TGTATTGAATTATATGTTTTGCGATTTTTTTTGATATTGATTTGG
Random	+	5432	0.012200	TTTTGCGATTTTTTTTGATATTGATTTGGTGAATATTATTGATCA
Random	+	5446	0.027160	TTGATATTGATTTGGTGAATATTATTGATCAATTAATGTTAAGAA
Random	+	5453	0.008490	TGATTTGGTGAATATTATTGATCAATTAATGTTAAGAATTAATGC