sequence,read_count
AGACATTCCTTTACCTAATACCATCTACAGAAAGAGAGGCTTGATGCGTTCAGGAGTAGTGTCGGGGCGGAGCCATTCTGGAACGCAATTATCGTCCTATCCCAAACAGAGACAAGCAGGCGGGCAAAGCACGAAACTAATAACAGGTTCGCACGAAAAAGGTGCCTCGGCCTTTAATGGTGCCTTTAAGAGACAGAGGAGAGTACGAATACACAATCCCTATGCTGCCCATCAGGCAATGTGGGTCAAGTGCTGTACGCGATGGTCGACTGAGCTGTGATATCCAATCGGACGGTCGTC,95
GGTCTGATACAAACACGTCTGAATGCACTACAGTGCCTCGTTCTCCCATGGCCGCGTTTTTCAGGCTATTCCTGGCCAGCCCTTCGGAGAGTTTCGAAAAGGGCGATAATGTAGGTTAAGTTTAAAGCCCTACGGTCAGGGTGTACCTCTTCATTCTTTTCCTGGCGCACGACGCGGCTATCGCTGAAATGAGTTCACTTCCCTGGAAATTTATCTTATGTGGCTCATGTTGCGACTTCTCCCAAGTCCCGGATCTCCATCGGCTGGCGCTTCATGCGGTGAATTGAATCCGCTCGTAAC,40
TGATCCATCCGGGACGAAGCTCCCATCATTGCGGCACGCAGTAGCAGGCAACGGGCACCCCAGTTCACCCGACCTAACCTGACCCTACAATTTCATAGGTGCTACCGTTCTCACAGATAACAAGTTCGGGTCTAGTAGCAATGTCTTCTCTAGATACTGGTGATTCTCCCGGCACCCAAATGTGGCGCCGTGAATGGTTGACTTAGAGTGACGGGATGCAGAGGAGGAGATAGGTCGTAAAAGGGAGCACGTTAGGACGTCAGACCAAGCTTCACAACCCCTGAGGCGCCTGTCTATATG,284
ATCACATGGCGGAACGATTATGCAAGCTTGGGTGTAAAGGAGCTACTACGTCTCAGGGACTAGACGCTAATTGATACAGTCGTAAGCGAGCGTTACTGTATGCACAAGCTGTTCCCTCGTCCTGTGGAGCCGACTGATCCATGGCATCCCTTGGGCCCGGATGTAGAGAGGACGATGATTTGAACGAGTGTCCTCTAGGGAGAGGGCCCTCGCTAAATTCGTTTCCAATCTAGGTTGCTCGGGAGACATAGCTCAATAGAGGGGATGCGCTTCCCAAAAACCGTCCAAATAAAAGAAGAG,237
CGTGACCAGCTACAGGACTTTAGCCCGGTCTAGGCCTATTACTTGGGGCCAGAGTACTCGCGGGTTTTGTAATCGGAGGTCTGGCGTTTACTACTTCATCCAGTGCGGCGGGTCTCGTGGTGGCTGGAAGTGTTCTGGTAGCTAACAATCGCTAATACGTCCGAGCGTAGCACCGCTCACCCCATGTCGAGTACAAGGATCGCCGCTAGCTGCCGCTTCGTTGCACTTCCTTCTAGAGCAACGTTAGGGAACCAGCTGAGGCTACGCGTGAAGTAGCCAGGCTCTCTCGGACGTGGTGAA,57
ACCACAAAGATTCCCACATCGCCTGGAGTGCCTGTCTGTCACAGTCTGTTCCTCTACAATTTACCGGATAACTAAAGCTGACCGCGACGCATGTAGGGAGGGCGTAGTAGTCGGTAGAACGCTCTTTGAAGCAGAGGTTCGAAGACCGATCGACTACATCATCATTCTTCACCCGTAGCCGATATAGGTGGGGTAGCGCTACGCAGATCAGTTCAAAGGCATCCAAGTATAACTTATACCAATCGCGACGAGTCTATCCCCTGCAACTCCCTCGCTGGTTTATACCAGGCCGTGCTGTGA,76
TAGTGGCACTTATTCGCAGTGCGGAAAAAATGTACCTCAATGGGTATGGAAAGATAAGTGTTTAAACGAGTCCGAACTCCCATCCTTCGGCATCCGTGGAGAGCCCGATGAGTCAGTGTCTCGAAAAGGGTATGATGACGTGGATAGTGCCAATAATAGAGTCTCCACAATTTCGACTAGGGCACTGCCCGCCGGTAAAACCTTTTGGCAACGCGGAATCTCACTGGTCTATTTTCAAATTCCTATCGCCGAAACATTATGAGAACAACGCAGTATTCTAAAACGACCACTTCCTTCATG,13
GGTCATCTAGAATGACAACGTACTTCCATCCGTGCATGTGTTAAGAAGCAAGCAGCGTGTGTGCGATCTCTGTTTTCAGGTAACGCGGTACCCTCGTTTCGCTGGGTGTTCTCGGCCTCGATTCAAATTTCATAATATAAACACCAAGCGGATGATAGGGCTGCTCCTCATCGATTCGCTGAGAATTTCATGGTCGCAAGAGACGAACTGCGGGTAGAGTACGTAGAATCGCGTTGCAGTGGTGAACGTGACATCTACATTAAGGTGAACAAGTCCTTTGGAAATACTTGTGGTCTCAGT,178
GGAACTCACCATCCACAGGACGGCCGCCTAGTCCTGTCTTCCGGGAACCTGCGCGGTCTACATGTGTATACCTTATTCTGACTTCGCGACCGTGGTCACACCTGACTATGTTGCGTGCTTCTCGGACATAAGATAAGTCAACAGACTCTCCTGAGTTGCCTTCTAGAGACAGGGTTTATGGCCTATATTCACGTCTCCAGCGCTTCGAGTTCGACACCGCCTCTGTGTGAGCACGGGGCTTGACGGTCAGCCACAGGCTTGAGCGCCACGAAGCGGGCAGCAGAGTCGACGAGCTTTGTT,208
AGTGTCAGCTTTACTAGATCCTTGTCGAAACAAAAACTATGTGAAGTTAACATATATGCCTAAGTATAATCTAGCTAGTCACGGGAGATATTCCTGAAGAACGAAAGCAAGTGGTGATAAGGACCATTGAGCCCCCGCCTAGATCTCAGATTAAACAGTTTGCACCAGGGCTATCTGTAGGTTCTCACTCCATTGGCCGTTCTTGCCTTTCTGGCTGTATATGCTAGCCAGAGCAACTATTCGGCGGGATGGTCGCCAAAGACGTGTGGCCTCATAACGATATCCACGAGTAAATTGCAA,193
GGCAGTGCCAGTACATCAACAAAGGATGAGCGTAAGCACTACCCAGGAGCCTCTACTTCATGGTACCTCGTCTAGGGTTTTCTATAGCCTGGTTCTCAAGGGAAAGCCCTTTCGCGTGCTGTCAATGTGCAACGGCTTGGGTCGTTAAGTGATCATCGACGCGCGTAGAGCCGGTGAGTCCGCTGGTCGGCAGCTTATCCGCTAACTAATTTGCAATCTAACTAAACACGCAAGTCAGCCGGGTCGCAAGCCGCTATCGTCACGAGAGCTCTAGAACTACGCGGATAGGACTTGACCAAA,278
TCTGAGTCTGGCTGCTTTAATTGTATATCACCCGGGACATGTTCAGTGCCACCTGTATGGTCCACGCCGAGGCGTGGGCGGAGTAAACTAACAGAAAAACCATTCTACCTCATTGCTGCTCACCCGATTTGGAACACCAGAGCTCGATTCCAGAGACAAATTTACATCTACAGGAGAAACAACTAGGACGATGCGTCACTGTAAGTTAGGAGGGCAGCACGTGAGGGCAGCGATTGGTAAAGTCGATATAATCCGCTGGACCTGCATATTAGATGCGGGCGCTCCTTCCTCGGCTGATCA,108
GCGATTCACCCATCGGTATCTACAACTGGCAACCTGGGAATTTGGGCCGGATGTTGGCAGTCTGGACAGAATTAATGTTGGGACGCCATCGTATTCGAAGTGCTCCAATGAAGACCATGCATCCACCCATAGTATTGCGTGCAGTGATGTATAGCCGATCTCTGCAAATGACTACCCTAGCACGCTATGTCTCTGGGTACCATTCAGTGAATTCTTTCTAATACCGAGTGAGTCGCAATTTAGGAAGATTTACGGGGTCTGAGTGAAGCCTCGTTTAACTCTTTGCGGGCTCAAATATGT,162
GTGGGAGTTTGGGCGTGTGATAGTACTACGCCCCTCGAGCATTGACGTTACTCAGCGAGTAGCGAGGCCAAGCGACTAGAATGAGCGCGTCAGCAAACTTGAATGCCACGCCGAGGCAGGGGTGTCCCACTGTCTCGGTCGGCACGCTAGGCAAGAACCATTCAGGTAACTTAGTATGGGTATTATAAGGCGTCCATAAGTTAACGGCACCTTTGGGGCAGGGGTGTGCTCTTGGTAGGATTGCAACCTGTTGCACACATCCCATAGACGAGAAGGTGAGATTGTCGGTAGCTTACTTCT,87
GATATTGTTACCCGGGGAAAACCAGGCAAGTCTCAAGCTGGTCATGCCAGCCGGTAGCGTATGGGGAGTTGACGTATTCGGGCTAAGATTCGACTAGGCTGCGCGTCTCCAAGGGCGCCAGTGGATAAACTCATCAGGGGTCCTCAGACACAGTAAATGGGAATTCTATGACCGCAAAGTAAATAGGGCGATCGTCAGTTCAGATACCCTGTCTGGACGTGATTCAATATTCGGAGCGTCTGATACCCCCCTAGGGTCCTACGATACGGTAGATTCAACAAGAGGGGGACGGCATCATGG,218
CATCCTAGAAATCGATATATCATAACGTGCGGTATCTCTCGAACCCATCCCTCACCCCCTACTACTCGCAACGAGATTTTCTAATGGTAAGTCATTAAACGCTTAAATCATCCATTTAAGCCTGGCTGACTCTTCGTTAAACGCTCTACTTGGAACAACCCGACTCCCCGGCTCAAAAGATCCGTAGCTGGTGAATTTGCAGTTTGACGCCACACACCCTGGGTGAGATACCTTACGACCAAGGATTTTCCCCATATCCCATGTCCGAGTGCCCGTACAGTCACGAACAACAGTAGTTAC,236
CTCGTGTGACAACACAGGTTATACCCTTGACCCTGCCTGAGACCGGGCCTCGCATTTGCTTGGGATCCTAACACGCTCGCAACGGAAGCGACTGGTTCGACTTCTCAGAGCCGCGCCAATCTTACGTAACCAACCCACGGTTCAGTGGTGTAATCAAACCGCACTTTTCAATCGCCTAAGTCTACAGCCCCATATCATTGGCCGGCCGTGGGTCGCAACTGCACGCCATGTTTCGTTCCTTCTCGCCGTGTACAAACGCGCGAATCACAGGAAGCGGTTACGAAGTGCTAAGCGGAAAGC,54
AGGTCCTGCCCTACAGGCTCGGATGGGACAAAATATCAACGCCCTTTAGCTCACGATGTGCAAGCGAGCACCACCGCTTCAAGAACTATCCAAACCCTCTGTCACGAGGTTCGCTCCTAAATGATGCGCTACGAAACGTCTTATCAACATCCGCGCCCAAACCGAAATGATGATTGGTTCTAGCTATTGCCAGGATCCTTCTTCCCATCCTACCAATACCACGCATTGTGCTTAGATGCTCCTAGGGACGTTGTGACTAAGCTGACCATCCCAATGTAGCAAAGACCTACCTGGTTCACC,132
TTGCCGGGTCCTGACTAAATCTGAGGATGTGGACCGCTAGGACAAGTAAAGCGCAGCTGCCCCCCTGACTAGTTGCAGTGCTAAAACAACAGACTATCCTTCTGCGTGTCCGCCCAACCGCAGGTCGACCGCCATTGTTTTTGAATGCAAATCCCCCTGTAGACTGGCGGATCTATGCGTCCCGATTCCGCAGAGAACTCAGTCGTAGCAAACGCGGTCCGACGCATGAACGATTCCGGCCCTTAGGTGCTATGGGATCCTTCCATGGCTGGGGGAGCGTCTGTAATAGGAGTTGAATTG,92
GGGTGATTAGTACGACCGAGCCAGTGAACTACGCATTTAGCTGGTCCTCGCTTGGAAGATTAATCAGGTACTTGCTACCTCGAAGACAGTAAATATCGCCATTTCCACAGTATCGTCACCTAGTGACAGCGAACATGGGCTCTGGGACCCAGGGCGCCTATCTATCTACCACCGGTCAAGACCTAGAGCCACATAGGGCTTTCTCCCTCAGGGGCATTGTCTGTGCTCCCGGACCCCTCCACGGCTCGCTTAACTATGTTGCCTGCCGATAATCGCAGTGCTTATCTGCACTTCCCAAAC,82
CGCTCGGGGACGTGGATTATGTAACCTGACCTGCCTCTGCCTTATGCAGTGATTGAGCCGTCGGGTGTGCCGCATCAAAACTATATAGTACGTCGTGCGAGGCCGTGCTGGCTACTCATCATTAAAAATTACCTAACCTTCAACTACCACGTTTGCGGTGACGAAATAATTTTTTTGAGCCTTGGGCATGACATTCATGGCCCAACCTACTCGAGAACACAAGTTTGTGTCCATCTTAGACTTTACCACATACTCCCTAAATTAAAGGATCAGTTGCTTCAGATTCATTCGCCGATTTGG,50
GCTCTTGGATGATTTAAAGTAATAAGTTCGAGGGGCGCGGCACCTGATGAACGTGCACGCACCCCTTATCTTTCGAGTTAGCTGCGTAAAAAGGTCTTGGTTTAATATCTGGACTGTAGCTACAACAAAAGCTCCCTAAAATGGTTAGCCGGGCCGGACGGAGGTTTTTGCCACGCTGGAAGCGCTCAACGAAATGTGTTGCCCTAAAGACCCTACGCGCGCGAAAGACCCCCGCACATAACAGATGAATACCTCTGAACCCGGGTATCCCCAGGTTGTCAATGTCAAATTCCACTCGTT,95
TATGGCTCTATAGTCGTAGTGGCTAACCGTCGGTTTATCCTTACTGGCGGATCTAGTCCCACCGTTCTACTCGGTGCGCAAATTGAATCCTGGTGCTCCGGTTTCCATGAGGGGGAACTGCTATAGCATCCGCGTATTTGCGTAAGACATGGGGTGATTTATTGCGAGAGACATAGTGCACTTTGGCCTTACAACTAATGGATTCTAACCTTCCCTCCGGAAGTCATTCAACTGTCTTGAGAAAAAATTAATCAGTGCAGGTTAATCAGACCCTCTTCCTCTCTTAAAAGGATTCGGGCA,149
CATACAGAATCATAAACCGGCATGGGCACATAGGGTAGACTTGAGTTATTTGCACGCGAGCTATAGGCAAGAGGGACGTTACTACTTGAGAAGACACCTACCGGATACTCCAACTCTATTTGGCTGCCTCATAGAAGCCGTGTGCGGCGGCAGCCGCGCCAAGGATCCCAAATGCTAGTTTCACGAGTTAAGCGACGTATCATGACAGTCTGAAATAGTCCTTCAGTAGAGCGTGGTCGCAGTTGAATAACATTGGGTAAAGTCACGCTGGGGCCCTCGTGCACTCTCGTGTAATGGGGG,17
TCTTGCCCTGTAACACAGAGTCACACACTGCTGCAAAGGCATATGAGGTATCGATAGATATCAATATGTTTAAATCTCGTCGATGCGCGCTGACTAGGGCGGAATGACATCAGCATCAAACATGTGAATCCTGGCCTGCGCGTACTTGACCAAACGAAACAGTTAGCGCTGGCTTGAACACGTAAAAAGCCAATTAGTGGCAATACGTACGGGAGTCTGCACCCAAGTCGCACCCGGGAAGCCTCCGGGACACAGCAACTCGTATACACCTACAACGTTCGGACCCAACGTCCACGACAT,220
TACATAAGACAGCTGGATACCGACGCCGTCGCTGAGATGTTATGATTCCTATCAAGACTGGGGACCCATACCTTACGCGACTCTTAGCGTCAGACCTCAAAAAGCCCAACTCCTCTCACACCATGAAGTTAGCCTGCAGTCAGTTTGAAGCCTATGGGGCTGATGCAATAACGCGTCGATGTAGCGTCACGTGTTTTCGATACAGAAACCGCTCAAGCATAAGACGTCCACCGGGTCTTTTATGCTGGTAAAAGACTATTACTCAGGTAGGAGAAGTGTAAAAAAGACTTAAACTCTCGC,215
GCATCAACAAAGCGACAACATAGATGGAAATCTTGCGAGCTGTTTGCCCTCAACTAACAGCCTCGTTAAAAGTCAACAGCCCGTCTGTAGTACAGAAGATGCCTAGTCGGCGACGGCTTCGTCCCTGCCACTAGGGTCGGCGACGCAAATCTGAACCCGTACTGCCAAACTCGACGGGAACTCATGACCGGACGCCATGTATAGAGGTGCGTGGCGCTCGTTGACTTCGCGACCAACGCGTCGAGAGCCCCCGAATTCTTTCAAGTAACTAAGGGCTACCTCTCGCTCTCTGTGCGGCAG,174
GAAATATCCGGCGGGAACCCGTAGTGAAGTGACCGTAGTAGGCCGCTCCTTGTTTGTGGGCGAAGGCCTAATGCGCCAATGAGATAGTTGACCAAACAGGCTAAGGAGCAAAGGCGATCCTACTGGCGCTCCAACATAGGGCAATGTCTCAAGTATGGCACGTAGGGAGCGTTCCGATAGCATGGCGCGCGACTGTGCTTCTCGGTTGCTGGGCATGGTTCAGCGGTCAACTCCACGGTAGTACTTGAGTGCTGGATCTTTTTTTATATTGATCCTGCAGGGCACGATGTTGGGTACCTT,58
TCCTGATGCTGTCGAATCGCGACATCACTGGTCTGGGCATTACTGGTTTTGAGAACCTAAATCTTTGCAAACCGTAACTATGGTGGGTGGTATGCGAATTGAGAACTTAAATTGGTGATGGAGCTCCGATATGATCTGACGAGCTGTACGACACAATCATTCGCGGCGTCAAAGACTACAACATCCACGTTCGTCGCAAGCAAGGAGCAGTAACTACAAACTCGGCCACAGCGAATCGACGACGCGCAGAGGTGGTATGTTTAAGTGTACACTATATATAACCTAATGGGACGATGCAGA,148
TATACTCTATTCACCCTCCATTGAACAGGGTATCATTTTGCTTGCAAACAAGATCAATACGGGAACCGGAACTAAATTTGCGTTCGCTGGGCGAGGTCTAATCTTCGTAACGTATAACCGAAGCTAGGCGGTAATTACGACGTTCCCCTACAGGAGAGCCTACCTTCGGATTTTCTTGACTTGCACCGGTGAAAGCAGATGTATACATCGCGAGCGAGTTACCGCGTCGTGTTCAGACCACATCGGACGTAACTAATATCAACTGAGCACCTTGCGTCCAGTCTTTAAGTCGGCATGAAA,1
ACACTGAGCTTTTGAGGGGAGCCACCGTAAATAGCGCTATCCGAGATATTCTGATGATTGATATCTGGAACGGCGTACTACTTGATCGATCCTGTACCCCATACCCTCCGCGATGAGCATGAGTTTGAGCCTTTCGTTTGTCATAATCTACGACGGGCGGGCTGGCCGCGGTAAGACATATCTTGATGAACACCAGGTTAACCCCGTTTAACGAGCTGCTAGTGAATTCTAGCGAGGGACCAACTTTCTTGTAAATCAGATTCGGGCGATTGGGGGAGATTCTGTGAATGTCACCCGGTG,69
TTTCGATCATTTGAGTCTATCTAGATGCCGAAATCTCAGGTGTTAAACTCACACCCGAGTACTACGGGTTCAAAATTTCCTCAAAACCCCCTTTCGTCGCATTTCTTTCCGCCATCCCCGTTCCTACTAACTAGCAGGTTGTGGGGCCACACGCGAGGTTGGGACTCGAACTGTAGACGGCTGGTGTGGGCACATTCCCTGTAGCGACGATTGATCACATGGCAAATGTGTCCGTGCATCACCGCAATGATATAAATTTAAGCACCTCATGCTTGACCGTGACTGTACATTCTAAAGCCT,126
CTTTGGTCGTGGGTCTCAATATGCTGAGCCGAGTTGAGTTGGCGGGGCTGTCAGATTGAGCGTCGGTCAATACTATGGCGGACAATCAGATGCGTTAAAGAGCTTGTTAGACCAATCGTTCCCCAACCGGGCGTATGAGCGAAGGATAACGCGTCGGCAACAACAAGGGGTGGTGACCTAACTGGACATGTAGTACAGGTAAGATCGTTACCGACCAGACAGGTACATAAGTTCGTTGCTCGGGCTATCCTCGGGGTATTGGAGAAGAGCATGTAGGCCGGGCATTGGGATCCTCGGGTA,95
AGCTGCCAAGTCTAGCTAATCGTGGGGAGGTGAATGTGACTTCGAGAACGGGTGTCTACTGCGACGAGCTACCTCCTTGAGCGCCTCTGATTCTGTTGCCGGTGTGGCTTGTCCATTGGGCTCGTGCGCTCGTGTTTTTCTACCCAACGATTTTCGCTGTGCGATGGGTAATTTGATCAGTAGCGTTCATTTAGGGGGCATCTGTAACTAAAGAGAAGACTAATTGCACCGGGTAGGTTAGAACCTCGCACGGAAAGTATGCGGTCCAAGTGCCCCTACACACCACCCGCCAATATGCCA,79
CAACGCCTTCTCGGAGTAGAGAAGCTAGCTCTGCAAAGGATTCTTGTGCCGGGCAAACGCGTTGCTGATAACCGTTCTAAGATCGGGCCTAAATGGCTTACATGATGTGGGTAGCGAGTGAAAACACTATGTAGATCGCACGTTGTTTTAAGAAATGCGCCGGATTGGAACCCGCTAGTGAGCAACCCATCCTTACGTAGTGGGGCTTGCGTCATAAGGCAGCAGGGAGCTCCCATCAATGTGTCCCGAGAAAAGCTGGTAAATGGAGTCCAGGAGATGACACGCAGTTCTTTACTACTA,186
CTCATGATCCTCGAAACTAAGGGGAGACCTTTATAATACACAACATCGAAGTTATATATTGGATTAAAACACTTGATGTAATTGGCCCACAGGGTGACATTTCTACCGGTGGCATAGTGTCTCTAGGAGGTACCCGAAGAATACTACAGCGTGGGGGGATGGCCGAAAGGCTTCTCGGGAGATAGTAGTTAACAGGCTGATCCTTACACTAAGGCTTGGACGGACGGTCATGAGATTGACACCGCAATCCGCGGTTTAGGTACCGCCCCTGCGCGTGATCCACCTGCCGACGCTAATTCT,67
TTGGTGTGCTCGTGCAGTACCGACGCTATGCAAGGATCGCAAAGGACGATGCCAATGCGTAATTCCGAGTTCCGGCCTGACCTACATAACGCGCTGTACGCTCTGAACAGGGCACTGGTCTACATATCTCCCTTCGGCAGCACAGAAGCAAACCATGTTACCGGGATGCCCCTAGAACGGCGTTTAGTATTTTGCCTCGGATACCGCAAGGACGGTAGCCTCCCTATGAGAAACAAAAGTTCATAGTGAATGGGCGCTCTATATTTTTTGGGTAAGTCGTATCAACACAGCGTGCACGCG,287
GCGGCCGCAAGAGATTCGACCGCCGGGACACAGCCGTGCGGTACTTGGATTACCTCTTACCCTCAACAGACCGCTAAATTGGGACCGCTTATACGAGTCCTCTGAAACGAGCTAGAACCCGCTATCATTTGGCTAGCCGTCAGCTGCTAACAGCACCGAAAGCAGTAGATAATATCCTAATTCGATCTGCCATCTCCACCCTGACGGGACGGGCGACTCATCTCCATCTTCTATCACTGCGGAGGGTATACACAGCTCAATGAATCAGTATGACTTACGTCGAATAACGAATAAAGGGTG,27
TGGTCCACTTGAAGGAAGTGGCGGGTCGCTTCTCTCCGCTACTGCAAAGCGGCTGACGAGGAGTTTTGAACAGGGCCCGTGTAACCAGTTACACACGGCGCTCTCGGTGGCGGACCTACGCGTGGGGTTTCCGCGCACAAAGATAAAACACTTCATACGTAATCATGCTGAACGGTAGCTCTGACGTAAGATGCTGGTTGAACCCCCGCGGTTTCCGATTGCGCGTTAGACAGACTATTGCCTCATGACCGCCCTCTTAGGAGTCAGCATTCACGTAATGATACGATGGTTGCTCATGCT,112
CCAACGCCGATGATATAAGAACCGAATCTTCATCTAACCGCTCACGTAGAGGCGCAATCACCCGAGCGTTGTGCGGTAGATGTCCCTTCCGGAGCATAGGTATTTGCACAAGTCGCCTACAACGATTCATCAGATTCGGGGACCATGTGCGCGCGCCATCCCAGAACGTATTTTCCTTCGGAGGAAGTAGCTGCTGTGCACCAGTCGACTCTCACAGCCGCCCCGGCAGGATAGTCATTTCTTCGATCGAGGGCAGACTTCGGACGGCCACTTATATGAGTTCTTTATAACCGGTCAGAA,58
TACAATTACGCGCTTGTGAACCGCGAGGTCGGGCTATTCCTATGGACCCCTTAAGAATGTTCTCCTCAGACGCAATCTGCCCGGTTGAGAGGTTGCTAAACCGGGGGAGAAAAGCGCTCAAACTGGAGAAGACGTGTAAGTGTCCTAACATGTTAAATCTGGCGAGAAGATTTTGTAAATGCACCAAATGTAATACCTCGGTCTCGATGATTTGTTGAGGTCCTTTGGTCCGATTAGTCGGGAAAGTGAGGATCCAGCAAAACCTGCGAATACACATCGACCTCTTTGTACCTAGTGTGG,63
GCAGCGTCGTTCGGTATATTGTGCTCTTCGAAGATGCAAAAACCTAGCCGAGATTGCACGCGCTGCAAGTGTGTGATATGTACTGAAGAATCTTCCTGGAAGAGGGGCTAACCCACCAGAACCTGGACAGACACAGTTGCTCAAGTGCGTTAGATCGTGTCCTTGTCGACACAGGAGAATCCCGCCTTAACCCGGACAGGTGAAGTACGCACGCTCGTGTCTCTGAAGGGAATTTATTATTTCGACTTCACAGTCCGATCGCAAGACAGTACTCTCACGTGGACCCTTCCATGACCTACT,22
AGTTGTGCCGTCCCAAGTTTAATATTCTTGCGGGTTAGTTCATCCGAAAAAGCCGCGGAATAGTGTTGAGACGCCAAGTGCATAGCACATTACGCGGTGACAGACTATCGGCTCGGCAAGAGGGCTTGATCACTTGCCCGTGAATTGATCTGGTGAGCGTATTTTTAAGTCTGTTATGAGACCTACAGAATTAGGCAAGGTCACACCACAGGAGTATAGGTAAAGATCGCGCCCTATGATGCCCCACCTTCCGGAGATTGATCATCGCATGTTTGCTTCGTGCGACGTGGCTCCTTATGT,39
TAAACGCCGGGATCGACAGCCGGCGGCTTGACTCCCCTCGACACGGGAGAGATCTCGGTAGTAAACTAGTTGGTCCCGTTGTTGGTAGGCTTACGAACTATCGCTGTGCACAGGATATAAGTTGGCGAATTAGTAAGATGCGTCAGCGTAGGCTAGTGGCGATGCCGGCCAAAGTGTGGTAGCCACATCGCAGTAAAAGTAAGTGTAGTAGGAGAGCGTGTCGTGCCACCCGTCCCGCTGTGCGTGAGATACGCCAGTGTGTCGGCTAACAACTCAATATCAGTTCCAAAGGATAACATG,140
ATCTAGCGCGTATATTGTTAGTCGGAAGCAGCGCGGTCGTTGAGACGGGGATGAGCACTTCACAGTTGGTAGAATCCAGCGGTCTGATTTGGCACACCGGTTTCGACCGCAAAGCAAATCGGCTGTCGTGTGCAACACTAAGCGATCGCGACTGTCCCCTCAGACGGGGGGCTGTACGTCTTCTGCTCCACTGACCGATAGGTATATGTAGTAGCAGTGTATTGGACGGCCTTACACGGAGGCCCTTTTTGGCACACACGCATTTCTATAAGTGAAGAACTATTGCTCTAACACCCGGTG,213
TTGCTCTGTAGACTGTTGGCCCCGTAGCTGTGAATACCTTATGAGGCGGCATACCATACGGAAAAAGCCCAAGCACCATTAGCGAACCTACACGTGTGGAGTTCATCGTAGTCTACAGACTGATTGTTCCGGGTGGAGGACGCATCCGGTCCTTATGGCGCCGAGGGCGTTGTGTGGCGAATCCGCACCGTTAATACCATGGACTAGTACTTTCTTTTGCAAACTCGATGTGTGACTACACTCAGTCTGCCGCCGACAACTGCTTCCGATCTAGAAGCGGGCACATTATCATGACCGGAC,273
ACGCTATGATTTACAACAAAGTGCCCTCTACCAAAGAAAGGGCATGAACTGCCAAGGAATCAAAGAGCGCGTGTCTCGTCACTCCTGATTGGTTGTGCCCTGTGAATGCCTGCGAGGCATAAGACACAAGGCATGATTAATAATTTACCTAGTCAGTAGGTTCTATTCCCTTGCCCGAAAAACCAGAAGTGTCGATTAAGGCCGTGGAGTCTGCGTAACACTGCTAACAGCGTAAAAGAGCGATAAACAGCTGGAATATGAGTACTGCATCAATTCAACCGTAAGGGAGTATCATTTTCG,149
GCGCCTGTAATGAACTCTTAATTACACCCCCAAACTCCGCAGACTGAAACATTATCGGCCCGTTGTGGACCATATAAACGGATTTCGTGCAAGGTGAAATGTGTCCCCTCTAACTGACGCTGAACGCGCGAAGAGTGGTACGGACCGAAATCAACGCAGACTCAGCTTCGGAATGGATTAGGATACGGGGTAACCTTTGAAAAGTGTATCACGGCAGGGTTTATATTGCTGTTCAGCGACTTGTGTGAAATTATATTATTGAGCTCCGGGGAGAAAAGAGTGTATGCGTAGCCTAGCGGA,53
CTTTCCTCTGTGGATGTGTAGCGGGCTTAAATGCTTGATGACAGTTAAGGAGGCCTTCCTGAGGCTACGATATGTAGCCGTGTAACTCTAGGTAGTCCGGGGGGGAGGATCGTCCGCACTCGGTCCCTGTACAACCACTTTCCAGCGTACGACGGCTGCCAATCAGTGTGCTTAGCGGTACCCATCGATTGGTCCTTTATACCGAAGCACCTCCAGGCGTGCAATGTGTGAAGATGTCTCAACGAAGGGAGTAAAATGGGTAGGTATCTAACGGTACTACCGTAGACTCACGAGAACGCG,76
CCATCACATGCTGATTACTATTCCCGTGCGGTAGATCATGTCTAAAAGGGTGTTATAAAGGGTATTTGTGAATACCCGTGCAGTAAGATCGGCGGAAATTGCTGTCACCACAGCAAGCGATCCCCTACAGGGACCGAGCCCGGAGAGGGTAGCTGCATTAAACTTATTCGTGACATAGCAAAAAAGGCGGCCGCACTCGTCAGCACACACATGGCGCGAAGGCCTCACCCTTGTGAGCATCGCGAGTCTATCGGCTCCACGACACTACATTCCTGAGGCAGGGTATTCTGGCATGTTTGG,40
TACAATGATTGCAGGAATGCAGGTCGTACGCCAGTTGGACGGGCCTAGTCTGCCAACACAGGGCAAGAATGAGCTTGCTCCTACTCCCGGAACGAAGACCCACGACGCCATAATGTCAGGATGCGTATTCTGCAGACCAGCTGCCTTCTTTACCCGACAATTCTGTCTGAGCTAATTGTTACCCTCGTATGAAGCTTCACCGCTACCCAGAATATACTCAGCGGCTATCTTGAGATACTTTGAGGAGCGACGCCCCCGCCTGTTCTGTTTTAGTGGGGCGAACGTTGATGGCGCTAGATC,41
GTACTGTTCTGAAACTAGCAGGTGACCGCGGGACTAGATGAAGACACTATAGGATTTCCCCAGCTTCCTTTATCTGCACTGCTCTCCGTCATGGAAGATAAGTTTCGTACAGCATCGTGGCGTGCGACCCATGGGGAAGATATTAGGACACTGGCCGACGGCGCAAAGGATTGGCTTCTCACATCTAAGCGACGTAAGGGGCATTGTTCATAGCTGCTCGTACTATGTGAACCAGATTTTGCAAAAAGGCCCGTAGCAGTGAGACGGCCAGTTCAACCTGCGCGGTCGACCGCAACGTCC,228
AATATGAACGCAACTACTTACCCCACGCCATACGACCGCCTATCAGAACTTGGGTTCCTGAGCTGGCAACCTCAGGACTACCTCAGACCAGGGGGGTAGGTCTTGAGAAAAGGACGCTAGGCAGTATGAAAACATCGCAGGGAAAAGTTGCAATGCTTCTTCGTAGATTGCTTTTTCAGGACCACTCCACAGTTCCCGGTTCGGTTACCCCCATAAGGATATATCGACTCGTAGTAGTACAAATTGATTCTTTGGCGCAACGCAAGCAAGATGGGGGCTATTGGCGAAGACTGTAACCCG,33
ACGCTACCTCTCCACCATGGCGTTGGTCGGTTAACTAGAGCAACTTTCAAGAGTGCATTGTGATGGCGACGGGCTTCCTCATGGCTTGACATTTTGTCCTCCAGGGAGACTGGATTTATGTAATTTACGTGACGCTAATGTATCGGCGTGCGTTCGTAGCAGAGAACTGACATACTGGTGCCTTTTAGGCGACTAGTATACCAACCGAGGCGTCTACAATGGACCTGTTTTCGCGGAAATCTTATAGATGCTAGCAAATTTACTGCAAATAGTATGGTTCCCGATAACCCTCGAGCGCTG,20
GACGCATTGCCTACATATAGCGACGGTGGCGTATTCATCGCTCCACAAAGCCACATCTATGAGATAGACATGAAGCCTCCTGACCTCAAAAGACCATAATTCCTTCGCCAACCTGGTGATGTTCTTCTCACCCGTCTACAAGTACCAGACGGGCCTCTGCAGCATCGTGTAAAATACCTGTCTTTAAGATGCCTTGGGCTATGGTGCAGATGGAGTTGCCTGCTCACCTATCCACGGTGGTGCGGACGGGGACGGGGAACTTCCACTAGCTACGAATAATATGGATCTCCTTAAATGTAC,99
TTCCGAGTCTTACAAGGGCGCCTTAGGTCATCGCGTCCGGCCAAGGGGCTTAGTCCTTCTAATACGGGTAACTATGCTCAATGCCGTTTCCTGTAGAAAGTTCAAATGCGACCCATGCTGTATAGATCAGATGACAAGTCGTTCCGACCTGGTCGATGCGCAACTCAGTGCAGCGTGAACCTACGAACTCTAATCGCCTCATTCATGAGATCCTCGTACGGCTCTACTAAAACTAGTAATCCTTTCTGAGGCTACAGAAAGTGCTGTCCTCTGGCATCACGTATATGCCATCGCCCCGGA,126
CCCAGAGACGTGTTCTGAACACGTCAATTAAGTTTCTCATGCATCGCGAATTGGACCTGACAGGCATTAGCTTTAGATGAACCGTGTACTTACTCCTTTACCCGACCCCTGGGACAGTTTTTATCTTTAGGTCCCCTTGAGACCGGAGAGTTGTATCGCATTGTCCCGGATCTTGCCTTCATATGCATAGTGGATGAAAAGGGTATCGGGCACTGCGAAGTCCTAAACGTGATAAGGAAAGGATGATGCCATGAAATAAAGTACTGAATGATAAGGTTTCTGGTGTTCGATGTTGGGACT,136
ACTCAGATCATATCTCTTTCTGTCTGTATCGCTGAATAGCGAGTAACCTTCCACACGGCGAGTTTTTGCAAATCTTCGATCCACGGATCTTATTTAATACGATCTATGAGGGTGGACTGTGTGTTCTACCCCTCCGGTCGGCTGTCAGCAGGTAATGCCGAAGGGCATTAGTGAGGACAAAGCGATGTATCCTCTCTTGAGGTTTACCTGTAAAGTGACTGCCAGGTACCAAGGATCGAGCGTTTTATTACTCTGTTGTGACAGTGCCCGTCTGTTGTCATAGCAAGAGAATGCCTAGCT,1
GGTTCCACATGTCTCTGCATGTCTCATGAAACCGCCCTTAATGGCGTAAGAACAACCCCCCAGTTCAATATTCGTTCGCAAACTGATATCACTTCCATACCAGCTTCATCCGTCTGGCCACGTACCTCTATAATGTTCGTCTAGTTCACCACATAGTTGATTCTCTGTATCCTTTACGGCTTCGCGATGTTTTTATGGAATTGCGCATTGTTCCGAACTTGCGCTGGCACGTGAGCATGACCTGGTATGCTGTGGCCGGAGTAGGTACCGCGTGGGGGTCATTCGGCTACCCGCATGTCT,95
CACGTCCGAGGGGATCAAAACCAGGACCGATGACAGCATAGCATGGGGTACGCTAGATATCTACCTTCTGCCTAAACGAAGGATTGTGTCCACTACGTACAGAAGGGGATGAATGAATAACCCTTGACCGGAATGTAACGCTCACCTGGCAGGAATCGATAGACAGCTAGCCCTTGCTTCCTCCACACTAGCAAGATTGATTTGCCCTCAAGGCTTCAGGGAATCAAGGGCAACCACCCCTCTCCCAAAAATCCGCAACGTTGAAGTCATTCAACATTTGAGAGGGACCCATAGGCTACG,298
TGAGAGAGCGTGCCCCGGTACAAGCTTTAGGGCCCTATTAATGTGGAAGTTCACCACAACCTTGGCCACGATGGCTAGCCCTGCTAGAGACACATATATTTCAAAATCCAGTAACAGCCATCTTGACCCGCGGACATGCAGAAGCCAGCTTGAGAGCGACCCGGGTTCTCCTACACATTGACGCGGCGATGTAGTCCCTCCCGGTTGGACAAGCAGTGGGATTCTTCCAAAAATTCGTGATACTCCGTGCAATACGCTACAGATCCTAATCCGAAGCGTGTCAGTAATGCGATTTAGCTG,279
AAGGGCCAGACGCATACCGACCCGATGATAACTGTCAAGGTGACGACATCCCGGGAGAACAGCATTGCCACATTATGCGGAGTCCTGTTACCTGGAGGCGAATCTGTACGCTATGATCTACCTAGCCGTTAACGCTTGACCGGATAGATTTGTAAGCCGATGCGGCGCTCCCGAAAAGGGTTGGTTCCATGAGGGTTCTGTCGGTTTGTTCAAAGCGCCGGGTACTCTTTTGGGAGGCGCACTGTGGAGGTACCCGTATGGTTCCCCTCTTCACTTGCAAGCTCATGGCTTTAGTTGGCG,236
GGCCTGCGGAGGACTCCTACGTACCAATCAGGCGACACCATCACGCGCCTCTATCTAAGTATCACTTGATGGTTTCCTAGAGTTTAGAATATATATAGGAGGCCCCGGCTGTCATCTTTGTACGAATGCACAAATTTGATTAGGTGACATATGTCTACAGGGACAGGTATGTAGTGCGAACAGCGAACCTTGGGGGGGATACCACAGAGACGGGCAGTTTGCAAGGCTGCCTAGTCAGTGGGCGATACATAGAACCGCCCTTCATCTAGGACGTAAGCCATTATAGTAACGTACCCCAAC,27
ATAACACATCACTCTGACCATGGATTCACAATCACCGGGTCAGATTGATGGACAAGCGATTCAAAGATCCAAACTCCCTGGAGGCTTTCGGAACGTTAGAAAGAGATTGTCGCTTGGGTTATTAGCCGTGGGAGGGCTTCTCTGGCCCAGACCAAGAGATCATGGACTGGGTTGCCCGTCGACCATGATCCGGGAAGGACAGCGATGTACATATACGTGAATAGAAGATTCACGTGCAAGCGAAAGGTTTTCCAGACCCTGGCTGTCTCGCTACTTCTGCGCATGTATTGATTGGTGGAA,142
ATCTGAAGAGTATCAAAGAAGCTTCACGCCTAAGGCCGCGCACACATACTGATTCTCTACAGTCTGGCTGTAGGGAATGGAAGAGTAAGTATATCTCAATACTGATTGATAGACTGTTACAGTCGAGGGGATGGTTTAATCACTGACGCTCACCACCGCCATTGGGAAGCGCAAACACGGCACGATTCCCTCACGTAGTGATTTTACAGACATCAGCCGACCCTGGACGTTTTCATGATACTTAAGCAACGCATCTGGTTGCCACTTTAACCTCGACCGGCTGAGCTCAGCCAGAGTCCA,245
GAGAAATATCTTATCAGCTCCGGAACTAACCTTGTCATTAAACTCGGGAGGTGATATAGCGGGACCCTTGGGATGTATTATGGCGATTCGTTACTGCCTTTAGAAGCATAACTTTGAACGATTAGTTTTATACCATATTACGACGTATCAGAAAAACGTAAAGTGTTATCATATTCTGGCACAAACCACCGGTTGACACGGGTTTAAGGAAGTCCGGCCGACCCAGCCTTTTGATGCATACTGTGCCCTTATGCAAAGACATCTTCCACGAGCGCCCCGGCAGGTTGTAATACATCTTCA,190
AGGGCCAAAACGACAGTCCGTACACTACACCACGATGAGAGATTCGTCAGAGCTCATTACCATGCGAATGTTGCGATTACCGGATATACATCCCGGCTGAACTGCGATAAGTTCAGCTCTCCAAGTCCGAGTTGTCGCCACGGATGCTACTTCTTCCAACTTTCGTGGCGAGAGATAGCCAGCCGTACATCTCAGCCCACGCTGGCGAATATCGCACTACTTTCGTTACATTGGACAAGATCAATCTCGCAACTCCTGAGACCCGTTCTTAGATATTACTACTGGGGTGAAATAAGTAGA,166
CGCGCCGCCATGCCGGGCATCCTATCGACTAGACTCGGTCGCGGAACAATGACATTCCAAGCAACCCCCGCAATTTCTCGTGCTGTAGAACAGAGTCCGTCTGTCGTGCCACTGTTTACAGGCGCCATCCGTATCCTATGAATTACGGCGTAATCAACCACTTGCAGATCGCTTGGTGTATTGCTCCTACCGTTAAGCAAGATCCACCTACAATGAATATGCCGGGCAGCTACGTTTTAGCCGAATGCCCCTCTCGAAGGTGTTAACCTGAGGGCAATATAGCATAGTAAAATATTCATG,72
TTCATCGAACTCCTGGACTTCAGCGGACCTCTCGCTTGGCAAGTCGTGTTTTAACGCTGAAGTTTCGTTACCGCGTTCCCCGGATGATAGGTTCCCGATCACGCCGCCGTAACTCTTCTGTAGGACCAAGGGCCGGTGTGGAGCCACATGCTTGTCATACGGGGGTGGGGCAGAGGATCCTGATGAATTATTGAGCAGAGGTTGAGGACTTCCAAGAGGATCCAGCGGGATTTACAAGTGCCCTCGTGACCTAGGTTGCCCGCTCTATGCTGTAAGACCGGGCCAAAGTAGGGCGGCTTC,236
CTGTTATTTGGTTGTGCTGGGTGTCACAGATTGATATCACTGTTAATACCAGCAACACCCAGAGGGCCTCCTTAACGGCATTCACATGCTAATATGGCAAACGCGCGCGATAAACAAACTGAAGACATAAACGCATGTAAAAGGGGCCTTGGCTTATGGAGCTTGAGGGGTCCAACCCCAGACATCTACCACAAACTCGAATTGAACCTAGTCCGGATAGAGTCTTGTCACCGAAGAATAGGAGCGTCAATGCGAACCGGCGCGAGCTTGAGTTAGACGTATTCGACGCCTGGCATTCAT,223
GCAGCCTCCTACTCAAACTATCACCGGCAGGAGTAGTTGTCTTTCAATCATTCTATGAAAACGAGGGTTGATCTCCCAGCACAATACTTAAATCGGCCGAGAAGTCTAGGGGAGATCAAAGGGGGCACCCGGCCCGTTTCCAATTTCTAGCGGACTAGGTCGGGTTCTCTTCATAACATGGTTATAGGGGCACCCCCCCTAAGATTTACATCGCGTGTCGCATCTAGTCGCTTTTTATCCGGATATCATGGAATGGAGTTTAACCACCGGAAATAAAACCGCGGCCTCGTGTCCGGCCAT,224
TGGCTACGTCCATGAGTTGCTATCCGTCAGCGGGAGGTCCAAAGCGGGGGGAATCGATTGTACGGCAAGACATTTTTTTAGGGGACAATCCTGACAGTGTGATTCAGAGCGGGTAACAACGAGGCGGAACCCGTCAAGGCGCACGAAACTTTGACCCATAGTAGATGTAAGAGAGTTACGGGAGAGCGGTCGTCTTCTCTCGCCCTTGCAGTGAGAGTTGTTCAAATTACAGTAGCATCGGACGCATCTCGTACTGGGTTTTCGTATATCAGCTAGAAGCTCCTATATCGCTTGCAACGT,256
AAAGTAACCTTAATTCCAGGTGCCCAGTAAGACCACCAAGGGGCACACTATTTCGTATCCACCACAGTGAGGGCCAGCCGGGTTTTGCATTCCGCAATCACTGGGCTAGCATCGCCAGGAGGGATGGTCTTAGAGCTCCGCGTCTATGTGCCATCAAGCTCCACTTATGGAGAGAACGCTTGAGAACCCTGAGCTCCCTACATGCAAGTGGCACTAATTCCGAGGTTCAGAGGGTTAGATCCCGGCTCCCTGGGTACCTTCGAATCCCTAAAACCCCTACACGCACGCCGCGTTCAACCC,226
TTCAGGAAGTCTCACGCTATTGGTTCCTCAAGGCCAATGTCAACTCTCTGCAAACCTTACTTGCGCACCACCGCGTGCCTCTGTCGGCCCGCGTCGGTTGACGTCTTAAGGAAATCATTGACGGGTACAAGGATCCATGATGTTGTCTTCCGAGGCGGTTATGCATCTGAAAGCGTTAAGTCGGTCCGCCGAAAACAATGGCATAGGAGTGCTGCCTGAGACTACACAGATAGCGGTCCTGCATTGGTTTCGTCAAAGACCGCGTGCAAGCGACACATTTATCAAACTACGCACCCACTG,23
GTAACGCGACGGCGATCATTTCTTGCTATAACTGTCTAAAGTCGGGTCCAGGAATCTTACCTAGAGGGGGCGGCCGTACTCCGTTCCTCGATCTTACGAGTAAGAGTCTCACCGTCCCAGTCCCGAGTCACCTTAGTTTGGAGAGGTGAGCTCAAGGTGCCATACAGTACGTACTAAGTGATAACCTGCCTGCTTGGCCGGGGGCGGGCTTATCGCCTTCCAATAAGGACGCGTGATAAGAGGACTGTTCTCTGGGACGTTAACCGGTAGTCGGAGGAAACTTTCTTAGTACCATGATCA,265
AGTCATCCGGTCCGCTATTGGCTGCGCTCCGAACAAGGTTATCTTTCTCACAGCTGAAGCTGCCGATCATATTTTCGTGCAAAAGCGTCAGCCTACAACCTGCAGCGGCCGGCTTTCTACACGTGTCTGGTTTACACCCCGTCGACGAAGTAGCGAGAGAGCGCTTATCCTAATGGCTCCGTACCGAATAAAGGTCTAGTAACATGTTTAAATCGTCTGTATTTCCAGGGGACGCTCTAGGATAACCTCTGACATGCGCGTCTTATGTAAAACGTAAGAACTCATGGCTCCAGCTCCATC,242
ACACACTACCTCATGACCTTCACCGCCGTGATACAGCTTCGGATAATGGCAGACATACATCGCCTAACGAGTCGCGCTATAGGTTAGAGAGTGGTACTGTTCTGCCACATCGTAGGCGCTCACGACTAACAGAGCGCAGTTGAATAATTTATGCAGTGCCAGCTTCTAACACAAACCAGTAAAGACGAAGTGCAGCAGCATAGTCAGTTTAACCTTTCGTACGGAGATCGCGGAGCGACTTACCGGCGAAGTTGCATTACAACAGCTTGTCACGTGATTTAGCGCACGGTCGACACTGAA,207
ATCCGGAGTGCTTCTCTTATCAGCAGTACACAGCTCGGCCCGGTTCATTGGGGTGCAGCAACTGTGAAAAAATAACGTACCGACGGTCCCCACATTCGCCTTTTCTTATACCGACAAAAGCAGATGTGAGAGTGATTCAATCGACGGGTCATTCTGGGACGCGGTTAGATCATCTCCACTCACTACTTACTCGCTATCTCGCGACTATTGGATCTTGGACAAACGCTCCCCCGGAACAGGATCCGTCAAACCCACGCCCGCTCTGATTAGTGCGGTGCAAACAGACGGTAGGCTGGTTCT,259
TGAGATCATCTCCCACTTTGTATGCTTTCCTATGCGTCCTAGAGCATAAACCCCCGTATCTACCAAGGCGGCTCGTGGAATCAGAGAAAGCTGCGGAACAACCTTCAGCTTCCGCCTCTAGGCGACTAGTCGAAGCGTAGGTGGCGGCTGTGTTCGCGACGGGTGTACATTCTTCTTGGGGTCGTTTTGAGTCAATTCATTGTTCGTTTGATATGCGTCGAGGTGATTACCCGTGCTCGGTACCGCATTTGCAAGTGCACCATACCTTCAAGGCGCCGTCTCCCGGCCTCTCACGTATAT,19
TCGAAACCATACTGCCTCCCGGCCGCCGGCGGTCGATACAACACCTTCGTTTGGTTTGGCCCTCACTTGCGGCTCAGGTGATGAGCTGCCCAACTATTCGAGCTAGCGGGATTTGATTCACGTAATAGGCTTACGTGTTACCGAGGCTACCATTCGCCTGGTCTATATCAGGAAGTTCTGCCGGATAAAAACAATGTTGGATTATAAGACAGGAAGGGTATCAGACCTTCTCGGATTGTCCCCATACCGTGAATTGTTTACCCGCGCGGGTAGACCACTGGGATCTCTTGCCCCTGTCCG,200
TTGAAGGAATACAAGACTCTATGAGAACGCCTTGAGATTCTTCGTTTCTGAGTATTAGCAACCGACGTAGAGTCGGGAATCGTCTGTACAATTCCTCAACGGGCTTCGTCACGTCAGTGTGTACCCCACATCGCTCTTACGCCGCAATACCTTGACTCTAGGGTATGTGGCGGCAGTGGATGCTTTTATGCATTTAGCCAGCACTGCGTCGGAAATTGTCTTGAGCATTAGCCCCCCCGGGAATGGGCTGAAGTTATCACGACACCCGAAATCCCCTACCTATGCGACCCTGTCGCGTTA,160
TGCCCCGCTCGTACCGCAGGTAGTTGCTTGCCACGCGAAAGAAACTTATCTTGTACGCATACGGGATCTCTGTTCGAGGCAGTGTCTTAGAGTGGAGTCAGTCACATAGTGCAAAGCGGCGCAGTCGCGGTAGCGGTAAGAGCGCCCTTTGTCAGCGCTTTATTAGGCAACAAATGAATGTGACCTAGCACTGCTGACACAACTAGGAGAATAGTATTTCCACGCTCGATATATAAGCACGCGTTTCATACAATAACCTTTCCTGACTCGCTAATTCAATGTCACTCCGACTCATGCGGC,146
TTGTGAGCCCAGCCCTACTTCCGGTCATCGGCGCTTAAAGATTCAAGAGCACTGGCAGGACGTCTATCGTGTTCAACCATTTTTTTTGTTTCTCACTCCAACAAAAGTCTTGTGGTCTTACCGAAAGGTGAAACGAGTCTTAGTGATCAGCTGTCTTGCGGTTATAGAACCAGCGAGTACACACAACCCCGTCAAGGTTAGCGAAATGGCAAGGTCGCAGGAATCGTGTGACGCGTGCGACCTTAAAATAATGCTGGACCTAAGTCAACGCCCAGTAGCTACTGAGACAAAGCTCATATG,200
TGCATTGGTCTGCTACTTTTGACAATTTGCAACCGTCGTCTGTCGATCCCCCTAACTCACGGGACCCATACTGCAACTGACTGGTCACGATGATACCTTCGCTCAAGGACCCCCTACTCGACTCTAGAGAGAACGAGGCAAGCGACGGCGAATGGTAGAGTGTCTACGCGATCAGTCAGATTTCCGTTCCCCGCAATTAGCTGACGGCCTTGAAACAAAACCGGGTAGGCGTCAGGAGTAATGAATGAAGATTACTAAGGATTCGCCAGACATCCCCTCACCATCTACGCAAGCATTCCA,32
ATTTGTCCTGGAGGTAAGACCAGCAAACTTTTCACCCGGGACGTGATGTGAGATACATCTGACAGTGAGGGGCCGAGGTGTATGAACATGGGTAACTCCGTAGCCGAAATATCTGTGGAGCCACTAGACGATCTGGCCTTCACAAGAAAACGGGGTGCGGCTCTAACCGATAAAAATAAGACAATGTGTACATTGGTGATAACTTTTGAGGATTTCTGAATTGATCTAGCTCAGTATTGCGATTCTCTGTAACCTTGCTGCTTCGCCATTTTTTGGCAAAAGATTTCCCAATGATTTAAC,78
AAATGCCATTAGGTGCCTTTGTCTAACTATAAGGCTTCTCTAGCTGGGGTCGTTACAAACCGGGCCGGCCAATCCGAGCGCACCGCCGAGTGCGCTAGAGTAACTAGGTACGTGTACATGAGCCATCACCGCAACCTTTACGCTCACTTCGAGTGTATCTTATCAAGAAGCCATCGAGGAGAGCCGTCAATGGAACTCCTTGTCAACTGGTGTCCGGCAAAGGGCCGGTAACGTGGTCTAAGCTTAGTTCGCTGGCGCGACCGGCTTAAGTTGCGCGGCCCACGAAAGCACACATTGACG,75
CCGATACCTCTACGGTTGCAAATCGCCAGGTGCGGTTTTCGGTCTCCAGACCGACTATCGGTTCTTGCTGAACACACGCGCCCAAGACCGTCTCTCTGAATTCTTAACGACGACTAAGTTCTTGCGATTACGGCGGCGCGGCCACGGTGGCGAGGACCGAGCCGAGGTGCCAACCGAAGTGTCGTTCAGCATGTTTGAAGAGAATTCTTCGATTAAGCGGTCGCCCTGGAGTGTTCTGCTCTCTCTAATTTAAGGAGCGCGGATAGATGTGTCAACTCGCGCCATTGCCTAAAAATAGAA,177
GGTCACACACGGTCGTGGGGAAATGTTTCTGCGCTCACGTGTTACACGACGTTAAATTCGAGACTCCAATGTCTGGCACTCTTCAAGGAAGCGCATATTCCGTTTGAGAGTATCCCGACATGGGAAGGCTATATTGACCAGGACCTTGAGACCTAGGCGCACTAGACCCAGCAATAAATTACCCACCCGCATACGACTGCTAGCGTTTATGTAGCGAGACCATAAGATGTAAACGAAAAAGAATTTGAGGATACATTGCCAGGCTAATATTCTTAGTCTCATATCCACTTCACTGCTAGG,261
ATAAGATATTGACAGACCTCCAAAAATACTGTCTACCAAGCAGAGAGGACGTATTGCCCAGCATGCCCATATGCCGTTTGGAACTCTTTTAGTGGATTAATTAAAATGCCTTGATCGCGATACGGAGGATGCATGCGAACCGCTAAAACGCTCCCCAAAGAGGGGTCTGTTGCTCTCCTACGCGCACATCTAGATCACAACCGAACTTAGCGATGTAAGTCGGTTTCTCCCTTGCGGCCATTCATCGCCCGGCCGCCGGATGACAGTGTAGACAAACCCGCGAGGTAACCACCGGCTCTA,286
GGAAAGCTGAATTAGTGACCCCTGTATCAAAAACGTTCTGGGGAGACGCGTACGCACTTGTGCTCCGTTGGGTGTTAGCGTCTCCTGTATGCCCGAGGGATTTCGCAGTCGGAGGTTTATGTAACGTCAGAATACATCGACGGTTTTAAAAGAATGGGTCCGCCGCGCCAGTCGATCGATAGACATGTTCTCCGGTACTGTTAGATTTAATGTGGTTGGGAGCAGTACAGATTGGCCGCGGCTGGAAAGAATGATTTAGAGGTCATTAACTTATCGGTTTCAAAGTGGGAAGACGCGGTG,217
AGTCGCGATGATCGGAGGGGCGCTTGCTTTATGTCTGACTTCTCAGTTGATTTTTCATGTAGTGTAACCATCGAGCTTTAGTTAGAGGTGCTTTATTAATATGGGCAGGGTGAAGACCCTTGTCTGAATCAAGGTCTGGCTTGTCACAGGACATAAACTGCTTCAGTTTTCCCACCCGATGTGGACTTTTATTGCTACTGTACTCAATCGACGGAATCTAAGGGCACCTACTAAACGCGTATTCCCTCCTGTCAAATAACTCCGCTCACAGACAGCACTGATGGATTAGTTCGCGGCCAT,36
CTCAACAACTCCGCATGCCGTTTGTCGCGCAGGTGTCTCGAAACCGATTTTTAAGTGTCAGTCCACTTCCGCAATGTTTCATACTAGTGAAAGCTCTTAATCATAGGCCTCCCCGGTACTAATCTTAAGCTACTTCATTAGGGCTCTATAGCCGGGACGCCTAACCCACTCCGATGTTCAAGTTAACTGCTATGGTAGACTCGGTATATCTTGTCTAAGTCTCAGGCGGCGACGATAACACCCACGGGCCCTTTAAAACGGCAGGATTATCACTCTATCTGTCACTTATTCACATGCCCA,121
CTCATCACCAGATAACCGTCAGTCCGTCCATCTGTTCATAGGTGTCTCTCTGGTATCTCAGCTACATAGATAGCTTAGAGAGGGCAAACGGGGGCTAGAGCTTGGTTACCTTACATCGTCGCAACTTACAATCGATCTGGTGTGCGGTGGATAAAAAGTTCTGTGGTAAACATTATGCCGATTATACGTTATTTCGGTTTAATGTCACGCGGTATTACTGTGTAAGAATGTGTAAGCATGGAGAGCGGGTATAATATCTCCCGGGGCAAGCTGGAAGGCACTCCAGAGGAGTATCGTGGT,131
CCTCTAAAGGGAGAATGTATCATATAGCCGTAGGGGGTGGGAGTTACCGATTGAGCAGTTCTACAATTTTTTCAACTCCTAGGAGCGTTGAGTTTCTGAGCTCCATTAACATCCTGTCTAGCAGGGTTAGTAGTTACCTCTGTCTGGGGAAAGACCCAAGAATTGATCTGTCTCACAGGGTCAGCAGTGCGAGAATCTCAAGGCGAGTGGGCTTATGCCTGTTGTTCACGTCACCACAGGACTAAGAAGTGCCCATGTTTAGTTCTTCAGGAGATTGGTGAAATTTATCAAGGACCACGC,57
GCGGAGGCACTTCACCCGTACACGTAAATCTTTAGTGTATCTCGCCTCCAACCCAGTTGGCACTGCAGAACACCTTGTGATCAGGATGAAGCCTAACGACCAGCAGTTTAGTGATCGAATTGACCCGTGTTTCAGGGCAGGAGATATATCCTCTAACCAGCGCCCGTTCAGCAACATACCATACTGTAAGCGTCTGTTGAGGTCAGCGTGTACTTGTGGTGAAACGCGCACATCTAGCTCACTATGGAGCTTAGTTAGACCTCCTCGTATATCCATCTTGGATAACGAAAGTGCCGCACA,220
GTTCAATGCCTTACCTCACCGCCACCGTATACGATGTTGGCCCAATATGTACATTAGCGAGCAGCCTGCTTTACATATCCTGAAGTCTCATTTGGAATTCGGCGGACGCACTGCGACAAGCTGGTATCCGGCGACGTACGTCGCATGGATACGCACATTACCCATAACTTCACGTACTTTCGGCTCATAAAAGAATTAGCGGGCCGGTCAATGCGTTTTGTTAAGAAATGTATCAATAGAAAAGGAGACAACTAGGCATAGCCCTGATTGACGCACACGGTCTCTTTATCCCCATAGGAG,222
TAGCAACGCTCGTTCCCCACACGGAGGGCACGCGCGCGACCGCGTTTGGGAAGGACAGCATGTGGACCAGCTGTAATTTGCGCAGTTTTAACACGCTAAGGGGAAAAGAACTCTTAAGACATCCTAGCTGCTTAGCGTAGCTGGAATTGAACGACTAACTGCTAGTTGGTAAAGCTGCCATAAAGGGGTATTAGTCGCCTAATCGTCCACTCGGACATGAGTAGAGTTACGTGCGCTCGCTCATGCGACGTCGCGTCGGAACAACGTCGAAAGTAGACCAGGATTCGATTGTATAAGGAG,284
AAATGTTTGTTTATTGTTGGTACACTTCAGTCTTGGGTTCTCTGCTCCGGCGAGTCGGATATAAGGTGCTCTCGTTACATCCAAAAAAAAGGGCCAGTTACGGGGTGAGTCAAGAACTGCTGCGAATCTTTGAGACACGCGATGGACGCATCCTGAACGCGGATGTGCTCTTTAAGCCGGTTTCACGAGGGCCCTAAAGGGCTATGCGAAATCACGCATTCAGTTCGTGACGCCAACGACGAATCTTTATCGTCTTATCATCAACAGAGCGGTAACTGGAGCTCCGAGGACACCCGTCGA,86
AGAGTCGACCGATTTATTAGTACAGAGTGCAGCGAGCCAGTATAGGATCCCCGTGGTAGATACTTGACCAAAACACATCCACGGTGGATGTCAGGCCCTGGCACGCTCTGTGGATTATTGGGTAGCGGTAACAATGCGTCGCCGCGACCATATTAGGCCCGTTTTTTACGAGGTCATCGGCACCGTAGTCGCTACGGCCGAAGTTAGGTAAAATAATCAACATCTGCACGTAATCAGTCCTGGACCCTTTATAACTAAGCCTTCTGCACGGTTCATCTCGATGATTAGATTATCGGCTTC,160
ACAATCGCCCAGCACTGGATTGCATGGTGCGAGGAACAGCTACCTAGTTAATTTTTATCTTAGTACGTGGTTAAGGTGTTTAGATTCCGAATAAACCAGCTGCTACTACTATAACGTCGGTTTCATGCCTTCCACCATATGACTCAGTTCGGCGTTCACGGATTTACTTTCTTAGAACTTCCTCAATCGATTTATGGACCCAGTGTTTGAGTGTGATCCCTCGTGTAGGCTGCTATGGATGACGAGCCGAGACGAGCGGGGCTCCCTATCGACTTGTTTCCACCCGCATAAGACTCTCGA,146
TAAGACCTCTTTCTGGGCGGACCTACCCCATCGGTCGCAGGCCATTCGACGTACACATGTGCTCTTGATTTCCCTGCTGAACCTGGGACTCTGACGGAAGTGGGTGGGTTAGTACAAACTATAGATCTGATGCATTATGAGGCTGCGTTCGTTTATTGTAACTCCGTGTGACTACCGCGCGTCTTACTTCTCCTGAATGTTATCAGCGTCCTGGTACACTCATTCAGGGCCATCTTCGAGTCGACACCTGAACTCGGCCAAGTCATGTCTATTACCTGGAGACATAAGCGTTGGCCTGAC,295
AGCAATCTTACTCAGCTAAACGCACATGATCAGCTACGTACTATTTGTTGTCGTTGTCATAACGTCTATGAGTGAATGAGCTAAACGATGATTCAATACGTTGTCTTGAGCCGATTAGCGCGACTTTAGACAAACACTTAGCCAAATACCAAGGATCTCTCCGGGACCATGACACTGCCATCTCGGTGCGGCGATCCGCATTGGGATTGGGTCAAAGGTACGGTTATGTGTCATTCTGATAATGACTCGTAGATAAGTTTACCAACCGGCTCGTATCAATTGAGTGCTTTTTGAGCATGA,62
CGTGGCCCATAACGAACGGTTGCCCGTCCGGCTATCAGTTAACCACAAAGCTCAGAGTCTGTGGGTATGGTTATTAAATGATAGTTCTGACACAACTGGGAATTCATTGAATTCCGAGGCCCACGTAAACTATTTACGTACATAGTGCGCCAAATCAGCGGGATACCTTTCATACAACTCCAACCTAAACGGTATGTCCTTCTTTAACCTATGCCCAGCGATACTTCTACTAAGACAGAATTTACCTCCCGCATCCGTGTGTTGGCGAGATGTCCAGGTGTACGCCAACAGGCTCTAATC,223
CGCAGACTAACCGCTCTTACATAACGGAGTTAGCGCTGACACTCGGTTAGGCTGGGTCCTAAAATTATTCAGCCCGAACGGATACCGCAATTCCTGAATTCTTTATACGCTAGATCCCTCTCGACCCTTGTCTCCACATATCATATGACGCAGCCTAAGTACACGAGTTCTCGGAGAGCCGCAAATTTCGATTCGCTCTAGGATAGGACCGCGCATTCAGTCTGTAGCGCCCAAGCCTTCGTCAGGCATAATACCTACACAATGGGCCTATCGGCAACATCTTTGTAGAGAGTTTATACA,275
GCTATCACGCGGTGTTCTCTCCAATATGGCGTCATCCCCCTAGCATCTGTGACGCGTGATAAGCATGATGCCTATTAATTCCGATTGTCAGCGGGTACCACGTCTAATGCTGTCTACTGCTGCACAACCCGGCTAGGGTTATGTGAACCGTGAAGTGCTTCCCAAACTGTCCGACCGTGTCTACGGCTGCCTCGTAATCGGAACGTCACAGAGCTGATGTGTTGTGCACCCTATTGTGCCAATGGCGCCACGGATTACAGCGTAGTCTTTCAACCCACCGTGCCCTCAGTCTCATCCTGA,183
CTGTGACTCCCGTACGGCTGGCCACAACGACATCCTCAGTCGGCTCCGACGGCTGCCCTGCAACTGACGATTTACCTGTAGCGTAGGGAGGTCGGGAAGGGGCGTGAGGATAGCCAATGAAGAATTCCAGGGTGGATAGGGCTTGATGCTTTTGCGCGGTATGTGTACTAAATATGGCGGATAACAATCTACGTCTGCGGAAGGGGACCCGGTAAGGGCTTCTGTGCCATATCAATGAAAACGCCCGTATATCGACAGCGGGTCGCCATTATATAGTGCTTGCGTGTTGATATGTGTACG,201
AGATTCGTAGCAGTTATACGTAGAGTTTGGTGCAATGCACTCTCGCCGGTTTGTTGGACATCGTATCGGACGCTCCCGTACTCGACGTATCAGTCGCATTGTTGCTTAACTTTCGACATGCAAGATTATTGCTTCGTGATATCGCCTTTATCATCAGGTAGAACTGCAATGCGCCGCCCCAGATGTCAGTCGCAGCCATCCCGCAAGCGCTGCAGGAGAGGCTACGTCTTGAATTAACCGAGTGCCATCTGAAGTGCATGTTACCAGGTTCCCACACGCTGTATGGCCGTAATTGGGCAG,47
TCCACCAGGTAGCCGATTCCCGATGAGGACCTGCGAATAATTGGCTACTTTCATATGCCGAAATTACGTAACCACAGCGAAAATACCCTCCGGGCGCAGACAATTGATTAGTTGTATAAAAGAACTCCTCCTATATCCGCTGACAGATAGTGGGATACTTGTTATAAGCTAGAGTAAGCCTCCCTTGGTGCCAATTCACCACGCGGCAGCCTGACCGTTAGGGGCATGGTATGAGGCAGTCACAGGCAGGCCGGAGATACAGCCCGCCACGATAAGCCCAATTCACCTAGTATGAATCAG,48
CAGATAGGCGCTATGAGTATACCAATGTAGGGCAGCCTCAAAAGGATCTAATGAAATCGTACGAAAGACACGCTTCGGCAGTATCACCGTACATGCCAACCAGTATTAAGTTAGTATGCAACGCGTAATACTCTGCACATCTCAGTGGTTAAATAGTTTGTCCCTGCCCCTCAGAACGACGAATACTCCACCGAGGCCGCGGCTTTGCTCAAGCTCCGCGACTCATAGCCGCATATGTAGAGGACCTGAAGCTTACCAAACGAGATCATATGTCATAAAGAGCGAAGGTGTCATGCCGTC,158
CTGTTTGACCCCACTCCGGTACTAAATCTTCAGATGGGTTTATATGTTACACGCGTATATTCAGTACAAATGGAGATGTTAGGGTATGTTCCTGTGTAGGATAACCTTTGTAAATGACGGAGTTCGTGACATAGAAGATGGCGCGTCCTGACTTCAGTCGCAGTGGGCTGAGCGTTGGTTGGACTCATGAGAAGCGAATTCTCTACACGATCTAGAACATTGGGAGGTTGATGATGAGCACATTTCCGCCCCAGGGATCAAGGCCTATTACGCTAATAAGGCGGCGGAACAGTGGGATTA,185
CTTCCAAGACTTGAACCGTTTGACTAAGTCACGCACACAACCGTTAGAGCTGAATTCTGCGTTTACCCGCTTGTCTAGAAGCCACAAGTAATGACAAGGACTAAAGGGCCCACTCCCGTTGGTTGCATAAATTAAACCTGCGGTGGACTTACGCCGACTGTTACGAACAAACCGTGTAAAAGGCAATGGGTTCACCTCACTCCTTTTTTAAGCACCGTTGCGTAAGCATCTAGAAACACACCCGTGAGAGCGTGGCCGTCTCGCAGCTAACGGGGATGTCCGGAAAGGCGAGCAACCGGT,54
TCCTAGTTCACAAAGCCACCCGAGAAGGTGAAACCGAACGCAATCCAGCGCACGATACGTGACATGACACCCTATCCAGGTCAACTTCCTACCGCTTTCTGTGGGACAGGCAGTATCGGGCAGTTTTGAGGCCAATTAGTTTTAATCCCAAACTTCCGCCGGAGCGCTAATTACCAGCGTCGAAGAATTCAAGCCGAGTTAAGAGTGCAGCGATTCAGTCTGTTCAGGAATATGCAATTCAATGCTTCTGATTCTATAGCACGCTTAACTTTACCTCCGACCAGTTGTTATGTAGTGCTG,161
GTTGGGGATGCCTCTCCGAAGCGTCGTTACCATCTCAATCATCGAGAAGAGCCTGGAGTGGCACAAAGTATGCCTCGCGGACAGGAGAGTTGCCTTGTACCTTCGGGATTATCCAGTGGCCCTGTGACACTAACTTATACCCTTGGCTCATCGACTGACTATAACCAATTGTGGTTTGGTTCGTGGGGTCGGCCGGAATTCTCGGTAATAGACGTCCTTCCACCAACGGTACTCCAATAATGCGGTGCCCCCTAGGAAACTTGGTCAGACGTTGTTGGCCGAAATAACACTAAGGTTACT,54
CCGCCTGCACGCCAGTCAGTGCGTGCATGATCCCCTGATGCGCTATTCCCGCATGGTTATGGGGTTTCTGCTAGTACCAATTAAAACTCGTGTGGAGACCACAATGGATATGTATCTGCAGTGCGTTCATGAACGATCGGATATGACGTACCAAAGCCGAAGCGTTGGCGAATATGGATTACAGTCTACAATTAGATTCAAGCGTATGCGCCAATAAAAAGCCCTTTTTCGCGCTTTCATGATGAGAACATCTCCCGTTATCGGCACGCTACCTACTTATGGGCCACCCAGTCTTCCGTA,118
TCGCTCTCCTGTTGTAAGGACGTTTTGTAGTATGAGCGGCTTAGACTGTGGTCGTGCTACTCTTGTGCTGTATGTACTTAGACGGTGTGAGGCCCACTCGATGGCTGCAAACAGGTATCCGGTCTGCCGGGCCGGGATCGCCTAAAGGGTTTCTGGGTTGATTAGTTCAAACTACGGGCCGGGGGTAAATTCCACCCTAGTCAGGGGCCGAGGGTAACTAAGGATCTGGGGCATTTGATCCGACCGTTTAAATTGTGCAGCCCTCCAATACTGGCTCTGAATGGTCGTAACCCGGAGCTG,35
CTCAAAGTTGTCGCAAGACAGTGGAGTAGGACTTGCCTTAAATGCAGGCGAATCGACGCCGAAACCTACGTGTCTGTATCGTGCGTACACGAGGGCCAGCACCGGTTTGACTAGTAAATGAGGAAAAGCAAGACTGATGTTAGTACTATCTACCCTTACGCCCCTACGCTCATTCGGATACCGTCTCATCTTCTCTATCTATTGCTGAAGCGGAGACTAGTCCTGTGTTCGTCCGAGATATTGCAATTTCAAGAACGCTGCCTTACTAGGTACTAAGTAGGCGTGAAGCACTGTGTTATC,216
GATGTCACGGTATCTGACTCAGCACTGCCGGGTCTGTATAGAAGTTGTCCATAGGCGGAGACTCGTGTTGACTAGTCCGTGCCTCGATATAACCAACCTGAGTCTAACTTGCTACGCATAGAGCGGAGGACCTTCCCGTAATTAAAAATCGTAACCACGACCTGGACAATGATCCCATGGTGAAGGCGGCCAACTTATCAGATAGGTAGTAAGGAAACTCCTACTCAATCCCTGAAGTTAGAGAGACCGTCTTCAAAATTCTAATTAGGCCCAGTGAAAGTTAGTCCCACGTGATCAATG,183
GATAGCACGTACATAGGTGCCCCATCGCAACGAGGAGCGTACCACACATAGATCGCGATCTAGCAAGTGTCGGAACGTTCTTGCCCGCTGCTATGTATCCTTGTGTTAACTGCATCCTAGCGGAATTAGCCAAGCGGCGATGTATGCTGTCTCTAAAGGACGTTGATTCACTTCACTACTTCGCCAAGTTGATCTACCGACATTTATGCTCAGATGGTAGATCTGCGACCGACGGCGGACCCTCTGCTCGGAGGAAACTAGATGTCCAGATTCTTGGGAGGGACAATACCGGCACAGACA,131
TTTGTACAGGGGTGTTCGAGATCTGCTCCGCCGCTGACATCTATTAGTGGTTTTTGCAAGATCTAGATGGGCAGCGTGAGGTGTGGACCCTATACCCTAGGAGATAGGCAGGTCGTACACCCCATGCGTTGCCCATTGCTGCCCCAGGGCCAGGATAAGGTAGAGTGGCAGTCAGGTGGCTACTTGCGGGAACGATCGGTCAAGCCTCCGATTCGGAGCTTGGTTCATTACGAGTACCCTGGGTGTAGGCAGAAATTAAACGAACCATTTGCTCCGAGTTTAGACAACATGCGCCTCGGG,6
GCGTGCTGTCCCAGGGATATACGTTACACAGAATACGTGTCGAAAATTGGAATAGAAGATTCTTTATGATGCATGTTTCACACATAATCACGCAACTTGGTCTACCCTGTCCGCCACTGGAACCCCAGTAACCATTTGTCGGCCGGTTGAGGTAATCAGTGTCACGACCAGAACATCCATGCCAGTCGGTCCTCGTTTCGTAAGGGACCTTGAGTCTCTTGGAGGGATTCGTGGGTTGAATAGCTTGAGCTATGGATCCATGCCCGGCTGGACGAAGATAAAAGACGCCGAACTAAGCGC,33
AACGCTGGTGTGTTCGAGAATAACATCCAGCCGAGGAGGATCTACACCACATTGCCTTGGTCCGTGGTGGCTTGGTGTCTACACATCATCAAAGATTCCGCTATCCTGCGCAAGAGGATGTGTTTCAACGTCGGTATTCCCAGAAGTTGGTCTTTTATAGGGATGTTTAGCACGAGCGATTAAAAATGGCGTTAGCCGTGACATGCAAAAGACGTTTTGGCGACCTAGACGATAGGCACTGCCGTATCTGGGAGTTGGAGCAGCCAATTCTGACTATCCCCGATTGCCGCATCCATGGAG,130
CCCTCAAAACTAACGTCGTGAACAATCTCATGTGATAGGCGTCACTCTCTCTCAGCAGATGACTTTATGTCCGAATCCTCTTTGACTCGCTGGGGCGACGCATTTGACGTGTGGCGGAGCTGCCGGGGGCCCGTTAGCTACTAGACACGGTACTGGAGTATGCTCCGGGCCCTAGCTCTTGCTACGCTATCCGGTATTTGGTGTATGAGCGAGTCAGTACATACATTATTTCTTACTCTGGAGAGATCACATAAATTGGGGCAGCAGTTACATTTAAGGCTGAAACCGAAATGGGATTTG,283
CTGGGCCATCCCTGGTCGGACATCCCAGGGGGCTCATTGGAAGCCCCAAGCGTTAAGGCAGACTTTCTTTCCGTTTGATCTATTGATGTAACGAGTCTAGTATAAAACATGTCGGTGCCCTTCGCATAATCGTACATGGTTAGTTAGTAGGCAAGCATGGCCTTGTGCCCATGTTGGACACCCCAATTGGCACGTTGACTCCTTAGCTCCGATAGCACACTTCTCAAGCTTGCTCCTAGTGCCGATGTCGCACTAGTCATTTTCAATGTTGCCAATGGACTACCTTTGCTACTAATTTAG,163
TCCAGACCTACTTTTCACTATGCGGGGTGCAGGTCTGTGACCCGCCTAAGATTTTAAACTATCGAAAGTGAGTAGCCTTAGAACCGCATCGCAAGGACCTCGAACCTCTAGGTCGATGCCAGCGGTGAAGATGCGGGATGGATATCAGTGGCACAGTACCCCAGGATAGTCTTCGTTTCAATTCGGACGTGAACGAGGCCCCATTTAAATTGTATGCAGTGAAGGTCTGTTTACAGCATTTCGCGAATCACTTCAATGAGCGGAACTCGACTTCTTCACGATTGTGTAAAGCAACAAATA,283
TCCTGAGGGCGGCACGGTCGTACTCACCTACGGATCACGAGACCAGGCAACAAGCGATTGGAAAAAGGCCTTTCGCCTCCGCCGTTCATGTTGGGCCACCGCTCATGGTTGGGACTATTTAGCGAGCTCTGGCAGCATAGCCTATCTTGGGCGGGCGCGAATCGGCTGAAATCGAGCGAATAGTTTTCGAATACTGGGCGAGAGAGCCTGAATTCTACATATGGGAAATCGCCCTAAACAGGGGAGTGTACTATAGCACGTCAGAATGACTGCCAGGTGTGTCCATTAGTTCGTATAACG,221
GGAACGGTTGCTACGGGGCCTGTCTCGAGAACGACCTGCAAATCCAATCGGCGATGATCTGGAACCGAGGCGCATGCGCGTGGACACTCGGGTAGCCCGACCTTGAGTCGGCAGAGGTAAATCGTGAGACCGGTAGACTGATTATGCCCGGAGTTGATTTCAGAAAGAGCATCCGCTTCCGCGATAGCCAAGAGCTTAATGCCCATATTCCCTAGCGGGTTGCAATTGATGTCCCTCAGAGGCTCTACGCAATGGACATCGGATTCTCAGATATCCGAGGGGGGTGAAATAACCGTCGAC,106
AGCCAAAGAAATCGTCATTCTCGCATTCAGCACAACTTTCCTACTTTGCCTAGACATCCTCCCACCCTTGACCCTGAAGAGTCGCCCACTACAGTGGTCGAATGGTTATACCAGCCGTTCGCCTGACCAACATCATGACGATGTCTCCGCGGGTCACGTGCACCACCAGCACGCTTTCATACGCACATGGCATATGCGCCATAGAGTGTTCTGGCACCTCAAAGTAGATCGTTACTTCCAAACACTAAGGGGCGGTATCAGCAAGTCTCTGCTGAGAACACCGCTACTGCATTCGAATGG,205
AACACCAAACGCTGTTGAAGTCGAGGGCTTCTCCGTCCGTTAAGAGCCAGTTGGAGCCCTTCAGGGCATGATATAAAGCGCATCCGCTTACCGATGCTGGTTAATCATCATCACGGTCATCTGAACGGTAGCCCGACATGGCCAGAATTGTGAATTACACTACAAGCGGACAATCACGTCCTAGGTTGTTCAGTCAGATTCTTGCCCTCTTTAAGCAAACCCATATCTCAGCCTGAGACTTTGTTGGTCCATTCATTGGACAGTTTGCTCACATGTAGATTAAAAACAGGCATATTCAGT,107
CGGAGAGTAGCTGTCCCCCCTTCGACTCCGCAAACAGATTGTGGATCCCTAGTAATAGCGTGTCGTTAGCTAGCCCTGGGTGGTAGGACTGTCTTGTAAAGCCGCTCAGTCATTGCAGCGATGCAATAAGACAGACCGTCCCCCTTCTGCAATGAATTCTCGAGCCGCGCCACCAGATCGATGGACCGACTCTTAAAGGGTGATGGTGCCAAGCGAGGTATTGTGTTCTATTTTTCACATGTTACCCCCACACCTATAGATTTAACTTACAGCAGGCAGCCCTCTATGCATGCTGCCAAC,11
TTAGACTACAGTCCTAGCCTTACCAGCGGTGCATTGGGACGCGAGTACGCGAATCCGTGTCATGGAGCGTGCATGTGGCTGGGCGTTTTCCTCAAGGCGCAAGCAGCCTCCCAACCTAGAGTAAAGCTTCTGCGCGCGACTTTGTTACAGATCAGTCATCCCGCCTACTATCAGTTTGGGTATGCCGGAACCCTTCCATAGACGTATTACCTCATGCAGTGTCACGCGACCTGCCAATGTTCGGGGCCCCCACAAATAGACTTTCGATAACGGTATCATCAGGGATAGCACCGGCACTAT,300
GATGTAGCCATTCCCCGTCGTGACAATCTGAGTTCCGCTTAACCCCGCGTGTATGGAAGTATTGGCGATAGGCCTCAGCCTTAGCGCGACTGGACCCTGAGTAACAAAAATCTGTACACCAGGTGTCAGGGATGATTTGACGTCTTTAGTCAGTTTCGAAATTTTAGTATGAGGATCAAGTGTTGGCGACTGGATGCGAAACTGCAAAGGTATTAATAAAGGAACACGTCCGGCTAGTAAGATTCGAATCTCAGGACGCTGAGGCATAACACAAAATATTTGTTTGTAGAGAAAATCCTT,1
ACCCCTGTTAAAACTAACTACTGGAGCCCTACTGCCTTCAGGGGGCTCTTAAACTGAGCGGGTGTGATATTTCCTGCGGTAGATCCGCCTTTAATCGTTATTGCCCCGGCTTACGGCTTCAAAGGGTGTCTACCGGTTGCAATCTTCACCGCCGACTTTTTGTCAGCTCGCATTGTGTCGGCGTTCTTTATTCAGAGCATTAACGGGATGATGTGACGAAATCGCAATTCACAAAAAAAAAAAGGGTTATTTTAGAACTCCGAGTAAAAAGGGTCACGACGTTTGGCCGCTTTTGATTTC,167
TAGCCTAGCGTATTGACAACAATCTTCATCCAAACTGGTCCATGAAGTAAGCGCCCTTACACCTGCATGGTAGGTGCTTACTGTGGGAAGGTCGATACCGACACAGTTCCAGTAATGTGTTCCGACGGTCTGATGTGGGACCACCATGACGCAAATAATCGCCTAGATTACAGAATGTTTGGGGCTGCAGAAATATGGTTGGCTGCTTGACTGTAAGCGCGAAGTCGCCAATGACGTTGTAGTGTAGTGCTGCCCGAGTAATGGCCGATGCATCCGGGAAAGCCACCTAGTCTTGCCTGC,139
CTCGCTATTCTTACGTTTAGCAAGGACGATTTAGGTTCTTCCGACGTTACCGTTAGTATTTCATGTGGGGTTTCTCCCTACAGGGGCCCCTGGAGGATGAGATGAGCACTCAGGCAGCAACAACAGCGACCCTCGTGGTGTAGGCCCCGAACAGGGCATGGTAGACTGCTATGCGGTCTACAACATCGGTTCGCACCGAGATACGCGTGACGGTATGGTGCGCCCTTCAAACGTGCGCCCCCGGTAGTCTACGGCTCGGCCATAGACCCGATAGTCCTACCTAGGAATAGTAGCGTTTGG,124
GGTCTTATGGTTGATAGGGATTCATGAACTGATTAGGCACCGCTTATTCCGCTATCGAGCCAGATTGACTCTAAGCTTCTGCGATGGCGAATAATTTTAGCGACACCCACGGTAGTGGCTTGAAGAATTTTAAGGTTTCAATGATTAATGGTAGAAGTGTCCGAGTTAGAGAAGGAGTCCTGGACTCATTCTAGGGCGGAGGACGCGTGGCAGACGGTCGTAGGTATATAGGGAGGGGAGCGATACGGCTTGTGGATAGCCCAAATGTACCTACCAAATGCGGTGTTGCCAGCGTTAAAG,64
TAACTCTGTCCCGTGCCGGTCCCCCGATTAAAGGCCGGAACAGATTTTAGCTGGGGATCAAAAACTCCTTTCTTACCAAAGAACGGCCCGAAATGAATATCATTTGCAGTCTGCAAATTGGGTTTTATAACGACGAGCTAGGCTGGCCCAGTAAGCCGCGGGCAGCACGGGGGGACCATATCCAAACCTGCTGTAGGACTCGTTTCATCAAATGGATGTCTCGGGTCTTCAACGTGTTCGTACAATACGGAAGCTATACCGCGCGGAGGCGTTTACACTATAACGGACTCGCATTGATTA,236
ACTCGTTGTCCTAACTTGGAGGTTTACGACGGTGGTTGGGACCTACTGGATTAACTAACACCTGTCGAGGATATGTCTAGGCTAGGCCCATTCACACCCCACTGTGGAGTAGAGCACTGCAGACAGCGTGTAGAAATCAAGTAGATATGACGATATCCACTTACCATGGAAGTAGTTGCGACATAGACCTGCCATCAGGTACTACCTGAGGTGATCATGGGGCGATGTCACAGAGATATGACGTTAGCGAGTAGGGCGGGATGCTTCGGGGCTTTGCTCACTCTTTGTAGCGCCACGATC,181
CTCCGTGCCGATCGGGTTCACTTCCGCTTACGGATCTTGAGAATAGCTACATCCCCTCTTGCCGGACTCTCAATGGATGGGCTCTCCATACTCCGTAGCAAATCTCCATAGATCTTTAGTTAGTTGAGAGGGAGCGTTATTCGAGATAGGGTTAAGCCTTCCTCAAATGTGAGGCAGACTAGAATGGCTGTCGCAGGCCACAGCTATCGAGGATCGCTGAAATATATGCCTGCGGACCGGGCTGCGCCCCGCGAAGGCCCATGTATGGCCTCTGGATAGGGGCCGCAGTTACTTTTGTTG,208
ACGACTTACCTCTTGTCCAAAGCGATGTGGTCGAGTCGTTTCGCCCTCGGGTGAGCGTACAAAAAGTAGTCCTGAGAGCAGTCCCTTCTGTGGATTAGTATGACGTGGCACTCCCACATTTGTCATCGATGCCCTATCGAGTGTTGCTTTATGATTCCTTACTGCTGATCCTAATCCCGCGTGTGGTTCGATCGCCCCCCAATCAATTGCCCGCCAGGGGGGCCGCTCTCATCGTGAATTACCGCCATGATCCTTAGGACGTGCCCCGCATAAACGATCGAACTGTAAGAAGGATAGACC,254
ACCACACATACGCGTAACGCCTTGCTGAAATTTAAGGGAAATGCTTCTGAACCACTCTGACAATGGGCTGCCGTATCGTGTAGTGTTTAAAAACCGGAACAAAAATCCACCCGATCTACGCCTAAAAACTCGGACTATCCAAATTTGATTCCTCCCGCAGCCCGGGTCAGACCGCGGGGGAAAGAGTTCGACCGCAGTTCGCACGACTCCCTACCCGGGTATAGGACGTACCGGCTGTATGGGAGTTAGCTATCTAGATATTACCAGCTTGCCACAGATCTTGACCCTTGAAGCACAGTG,111
ACAGGCATTAACGTCAAAAGGTCCGTCGAACATAGGACCAGGAAACTACTGAGTGTTGATTGTTCTTCGCTGTAAAACCGTCGAAAATTGGTTCTAGATCCTGAGACTCTACATGGGGCATGCCTGACTGCCGAGTTCTAGGCGTGCCGGAATTGAGAGTGTGTAGTTTGCTTAGACCTAATGCCCTCACTAAAAGATCCATACCAAACAGAACTGGAATGGAGCCTACGTTCACGCATCCTTAATCTCACTACGATACATTATCTTAGGGTCATTCACCCCGGGATCTGAGACCCTACA,192
CCAAAGGGATCGTATTCGACGTATATTCCTCTGGTTGGCGGAAATATAGCGTGCCATAGCTATATGCCTGCGTTAGGGTGCTGTCCATGTAAGCGGGCAATGATGACTGTCGGTCCTTTAGATTCGGCGGTGACTGCATCTTGTAAACAACGGAGACGACATGAACGGGTCGCCAACGTTTAGAAAGGCTCGAGACTCAGAACATTATGGGGGGCTTGCCCGGTCCTCGGCTAAGCCACTTCCATTGAGCCTCAGCAGCGCGCCACTTTTCGTTTGCAGCGAGGGGATGACTCCACGAGC,185
ACGGGTAGGTCTGCCCTAGGAGCTAAGTTTGCAATTACGAGTCCATCTAGCCGCCTGGGTTTTCCTACTGACCCTGATGTGTTTAGTATTCCTGGTTACCAGCATACAGTCCGGCCTGGCGTTACCGTTCGCGAGAAAGAGGGGGACGTCTAGTGAAGTAAACGCCTGCCATAGTTTATAGGATGTAGTTGTCCCGTGTTGCTAGTGGACGGGAAACGGACCGTAAGCTTCGGCATGGAATGCTATCACAGGGCGTGGCCGTCGGCGGACGACGGAATATACAAAGACGATGAACGTAAG,52
ACTTTACAGCCTACTCGTCACTTCAGATGTCATGCGTGTGGCGTGTTCTGTGTCCAGTCCGCCTGATGTATTATGTGATTACCCGAATACATCAACCCCAATTCTCCAGGACTAGATTCTAAGCTGGAGCCGCGTTCTGAAAGTATACATAGGCCGAGGCAAAGCGTCTTGTGGTCGTCGGTCACCCAATGCGTCCTTCGATCCCTCGAAGGTGCCCCAATTCTAGCTTAAGTCTCAGGCTCTCAATCATTAAGGGTCCAAATGGAGCAGCTAAAAGACGTACTATCGTTGTAGCTATAC,124
ATACTGTGCAGCGACAGATCACTATCTGCCCCATTTCAACGGATCTGTTTACGTATTTGCTCAGGGTTAGTGATCCATAGCTCGAAGCAGGCCGAGGCGATTAAGGATCATGAGCTCCGCGCCTTGGGCTCGCCAGCTGCGATATAAAGGAAGGGTTCATGAATGCACGCAGGCCGCCTGTGTTCATATCCATGTAGCGCGGCAGTCCAGTCGATTTCGCATGTACTGGTTAACTCCATAGTTTGCCCTGATACATAGTTTCGTTTGTCCGGCTGTTTGCTGTGAATGATACTAAGTGTG,79
GGCCCAGATAAGAGTGCCGCTGCGATTAGCTGTGCGGGCTGACCTGTCAGAATCTATCGCCGCGGCCGTGGGTCGAGGCTAGTGCTCTTTGAGCGGGGCATCTCTGCAGTTTCACTGAGGTGGGATTGTGCTAACTCCGATGACTACTCAAAAGAAAAGTTAATGGTAAGCGCGACCAGGACTAACGCCTTAGTACCCCACCAGTGTATGGCCCTCTTGGGCGGTCACTTTCGACATACCGGCTTCCGGCGACCCCGAATTTGGGATTGATTGGCATCCTACGGGGGCATGTTCTCATTG,241
CGGTCCATCGAAACCAAGACTCGCCCACGCCCAAGCTTCTATGTCCCGCTCTGGTTTATCAAGGCGATTTGCTTTCAACTATACGTCATCTGCGCCTTGGTGTTGATGTTGAGCGATATAAGCTAAGCCAGTCACGCTGCTTGTAAGGTAGGATCCATAGAACCGGATTCAAGTCCTTAGATGCGCTGAATATTAACGAAGGTTTAGGTCTTGTCTACGAGCACCTGGAGGCCCGCTAGAAGGACCGTGGGATGGCTAGCAATATCGCTCCCATATAGAACAATCACGCGTCGACTGACG,102
TGAGTACACGCCTAATTTGGCATGATATCCTCCAGATCAAACTGCTTTAATGAGGTACCCCCTGATCACACGGGCGCGTGCAAATGGTGAACGTGTTCAAACGCTATGTGTAATGTCTCTCCGGGTCTTTTCAACCGCAAATGTTGTGTGGCGTCCCAATGACGCTTTGACATATTAAGGACGCATGCGGGCTTTCAGAGCCATTGAAGAAATTGGTATTTGAGCCTTCGTTATGCGATTAAGCAAGTCGTTCGATCAGCAGCTATCCCCTTGATCTGAGTCTACCACATCTCCATAGGT,17
TCCAAGATCGTAACGATGACAGAATATCGGTTAGTAGCCTGTGTCGCACCGTCGCCCAATCGGACATGAAGAGGAGCTTGGGAGTGGACAGTTGCGGAGGGTGTGGCGAGCAAGACCACGCCACCGCAGTTATACGCGCCTATGTAAGCCTACTGGGCTCTGGTTCACCATCCATATTCGGGCTAAAATCGGAACGTGATACGCGCGTTTTAACACTCTCGTGAGATTTGACAGCTGCCCTTTGGTATTGAGTTGCGTGGAGGGATTGCGTGGTCTTATGCGACAAGTTAAGCTGGAAAC,145
TGCTAGTAACAAAAAGTCCGCCATAAGTCCTCAAAAATCGATCAAGTGTGTGCTCGTATTGAGGGCCTCGGCAGTTGAAGGAAACGAAGTCTAGCATACCTGCCATCTATACGCGGACACCAGGACATCCTGCATAATACCCGTAGTAGCAGCCCCCACTAACGAGTACAACAAGGAGATGATTTTGATTCCGCCCACCTAAGTACTCGTGTTATTTTTTACGACGAGTGTCCGATTAAGTCGGGCTGGATCCCAACTCCTAAGTCGATTAGTTCGCTGGTATCAGGTGATTCTATTGGT,191
GCCGGCGTGGGTCCAATAAGGAGCCACAACCTGGCCAAGTGTCGGCTGGGGTTATACTGTTTCAGATCGGAAACAGGGAGTCAGTTCCTAAGAACTAACCAATATTACTCCTTAGTGCCGTAAGCCCCAACCGCCCTTCTGCGACGTCGTGTTTGACACTAGCAAATCCATATTAACTTCGATTAATACGGGCGTCGCTACTGAAAAGCCGATTCCGTGCCTCTATGTTATGAGTAGCATGCCCGCGCTGAGCCGGGGACAATGGGGGCCCCTTCTAGCGAGGTGTTGGAATAGGGTTAG,88
CCATTCGTCTAGTACGTCCATGCGCGATTTGATTTGAGTGCATGATAAGATTGAATATCGTTCTGGAGATCACTCCTCACTGTCTAGAAACGTTTGTCACAATACTGGCATCAGTTGGAACAATGCGTTTTGCGCCGGTTGGTTTAGCGTTCGCCATCGACGTTGTCAATGGACCGTTAAGACATTCCACGGACCAGTTTAGGTCAACTGGATCGGAGAGTCCGTTCACGTGGCGTCTATTCGCATAATGAATGTCTCAGCACCCGTACAGGAGAGGGAATCCAAACCCGAGACGATACG,19
GGGTTTTATAGCAGGAATCAGAGGTGCGCTCCGCCCAGTCCCTTAGAGAAAGCTGATCATAGGTCTGGGATGTGGCCGTGCCCGATGAGAAAATCGAGAGCTGCTCTTCACTCGTGTCAGGAGGCGTACCTCTGCCGTAACGGGGGCTACCGCCTCACTCGGTCGGTTGACATCCGTTGCGGTCTGAGGGAAAAGACTCGTGCTGTCTATGATTCGGAATCGCACCGTTCAGAGGCCCAACCACCGTCCCAACTACCGTTTTTGATCCTCTACCTGCGCGTAACACTAGTACTTACACGG,246
ACGCGAAGTCGGATACGACATTTCGACAAGTCTTCAGAGTATGAGTGCATTTGCTTTGACCCCAAGTTTGTCGAAAGCTGGGGTTATGGACTTAGAATCTAACTCTCTGGGAGTATTACGGCGCAGAGCGAGGTGGTCTTTGCCTAGTGCAGGAACTGTTCCCGCCCTCCGGCCGAACCCAGCATGTAAGAGGGAGACGTCAGGCTTGTCTACTTTACTGGAACTCAGTTGAACGTTGTAGTGAGGGTTTGCCTTATGGTGAACCCGTTCCTCCTGAGTTTCTTCTTACACGCCATGTAT,109
TTGCAATGACTACATTGTTGTTGGGCCACATTAGGTCAAGGGCCCCCGATGAATTTCTCAGGCTAGCGCCGGGGCTTGGGCGTCACCTGTCACCTACCCCATCCGTGACCTCCCTAACGATAGAGGAACCTCCTCTCGGCAACGACCAACGCGAGTACGCCTCTGCGTGCCAGAGGACTTCGAAAAGGACTTGGACTATTGGACGCTTGCTAAGCTACTGCTGTATCGCCTGAAACCTGCTCCTATTATGTCGGTCGGCCTACTATACTGTCCAATGTATCCCTGCATAAACAAGCTAGG,136
ATCTTCCAATTTCTAAATCCTGCTGACGGAGCAGGCCAAGTGCTTGTGTCTTGCGTATACTTTCGCACAGAGTTGTGCCGCCAGCGGTGAATTTCCGTTGCTAGTCTCCGATGCTCAACGGGGTGAGGGTCCACGGACATGTTCATCGTCGAGTAGAACTTAGGGAACAGTTCTTGCAGAGTCTCACTGTTCACTTGTTGTGAAGATAGATCGGCCCGTAAAACAGGTGAGGAATGTTGTACGCGTTAACTATTCGCAGTAAGTTGGTCTTGCAGCCTTCAAGAAGGCCTGAGCTGCTAA,224
GCACCGCTTTACGACGACCTTAGCGCCACTCACCTTGAGTATCTGGACCTACATTTAAAGCAGATTCGACTGGACGATAACTAATCGACGCAACGTCCCCTTGCCCCGTCTAGTCTCGTTGAAGTAAATGTCCGTTTGTTGGTTCTCGTCTAGATAAATATGCAAACACCCGAATTGCCGTCACCAGTAGCAGGATACTAGGCCATCACCGTGCGAGTTAACCATTACTGTGGGTTTGCAGCGAGAGTCCTCTCGACAGAGGTTACCGACTGACAGCTTTGGTCGGAGCACGTCGTCCAA,130
GGTTCTTATGGTCGGTTGGCTCAAGGACACCAATTCGTGCGCCAGCAGACCGAACATAAATACACGTCGGTGGACTAAGACGATCAATAAATAAAGTCGGGAAAACAATTGGCGGAAATCTGCGTGTTAGGGATCACGGGAAAAGCACTACGAGGCCCATGAATGAAGACAGCTGCTTCGCCAACTTTTGTTCCAGGGAATCATGATTTCAGGCCCCTAGGTGCGGTATATTCCAGTTCCACTCGCTGCAGACTTTGACTATGTTACACATTTGTCACAGGGGCAGCCTGATGGATGCGA,53
GAGAATTCGAGGAAGAAAGTTAGGTAGCCTTTAGCCCCGACTAATACACGAGATCCGACGGATAAACGAACAGGCATATAAGTCATAGCGCAAATCTTGCCCCCGTTTAACTCAATTTAATGCTTATCATGCATGCAAGTTTCGTGCGCTGAAAATATACCTCGGTCGTATGGAAGTCTACCGACCACTTAGGTGCCCCGTACTGATTAAAAGTGAATTATGAAAAAACCAGCCCAGTATATAAACCCTCACGAACCGTATCCCGGTATGCGGACTTCCGAACTAGTGCTCTGTTAAATG,8
AGCAAAGTCTGGCTCTTCTATTCTCTCAATTGAACTGTAGAAAAGGCCCTAGTTAATACAGCCGGATATCCTGCTAAACAACTACAGCTACTTGCCAGAACGGTGCTTAATCCCGTTTGAAGAACGGGGCCGACTGATAAGCAAGGTGAGCGGGTATCCCGCGGGTTACAAGTCCTCTGTAGCACAGTCTCCCCGAGATCGAGATCTACAGTGTTCTCCTTCGGTTATGTTTATGACGCAAACCAGCAAGGATGATGTCAAGGGCTGTCGAGAATGGAATTAATCTAGACAGTGCGCGTT,91
ACCGGTAACGGTTTAGGAGTCAGACGCACTTAACTGAGTCGATCGCTCACATAGGCTAGCTAGAACGAACAAGCAGAGCAACATCCAGCATCTGGACTCCTTCGCTAGTAAGTAACAGTACGATCGGGGCAAGAAAGACATCACGAACGGAAGATATGGCTTGCCGTATACGCAACTGATCGGGGTTATGAATATTGCTTTAGAGTCAGGAAAAACTTTGTGACGGTACGAGTCTGCCTTTGCTTATGATCTCCCATTTAACCTTTATTCATTTCATGGACGTCAGACACATGTAGACTT,139
CTTAAAAAGTATATAATGTGGTTCTGCCGTAGACCGCTACGGAGTTGCGTTTGCGACCTATGGCCACATGCGCTCGGTCGCTTTCTAATTAAACGCCTAGCAGTCTTCCTAATCCGCGGAGGGAGATACCGCACCCCTTGAATTCCCACTACTTATCGAAGCATGACCCCGACGTAGCTCTCATTCGGGCAAGGGGCTGAAACTTGAGGTCGCCGGCGATAGATGAAGGCCGTATTAAATTTGTGACGACCACGAACACGTTCAAAAGTAGTAGTAGGCCCGTGTGTCGGTCGCAGTGCG,162
CTCTATGCAAAACCGGCGCCACACGTGCTGTTAATCTGGCCGCTAACTCATCATGGTTGTGTCCAAGGACGCGATACTCGACAGCTGATAACGAACTTGTACTACTTCTGACGATCAGGGCGGAGACCGGCCAGACAATGTCAAATGGTGCATCTATAGTATTAGACTTTGGGATTGACGAAGTGGGAGATGAAGCAGACTTGTACACTTCGTAAGGAGCGCAAGAGAAGTTGACTCTTTTGCACTCTCTGTACACCAAGGAAGGGTCTTACCGGCGTTCTTACGGCTAACGGAATCCAT,78
GGCATTTAGGGTGCTTGCGCCCAAAGGATCCCGTGTGGACAAGTACCATCTTAGGGTGTGACTAGCTTAAAGCTCACAAGTAATTAGTGGTCATTCTACTAACTTTGTCGACTCCGTCTTTATGGAAGACGGGATACAATGTCATCTACGGTCCCTGACTTTCCGAGAGACGGCGCTGAGGAGGCGTGTCTACTGGCGGCTCACACCTATCCTCCTCTTCGCTCAAGATTGTTTCTTGCCGTTCTTAGGTTGTTTTCAGTGCGCATTACGCTTTGGGTGTGGTGAGGCTTTCCGTTCGGT,42
GCTAAGTGTAGCCAGTACCCGAGGGGAGCTGGAGGACTAGAACGGGCTACCGTATTTCTCTACGCAGACCTCAGCACTAGCCTGCGCCGTACGTAGTCCGCGAGTTGTACCAAAATAACCGAGCTAGTGTTATATGATTAGTTCACGACAGTTTAAGAGTTTCACATCAGTCTAGCACCACCAAGCTACAGGGCAAAACAAGCGTAGGAGCTAGAAAGCCTCTTCAAACGGCGCAGCGGGAGAGACCCGAAGAGTCGGGGCAATAGTGACAGAGGTAAAACACTCAAGTTGATAGACAGA,262
GTGAGCATCTGGCAATTTGCCAGACACTGCATTATGGGGCGTCTGTGGGACATTGGCTGATTACTGCGGTGTCCAGAGTACTCAAGACAGGAGTTGTATCTTGAAAGGTAATTAGAACTCCGCCCGCCCGGCAGAGACCATACGGGATCTTCACTCTAACGAGGATGTGCTTTTGTGGTCACGCTTTAGAGGACCATCATACGCATATCGTAATGAGAAGTTTCAGTTCCCGTACTCATCCTGACTGCTTCCGGGATCACGAGAAGTCGACCCAAGTTTGCATTTACTACATGCCGACCT,11
GCCCCTACGTTGAACTCGCAGTACGTACCCTATGCTCCGGCATAAGAACCGCTTATGGCCTTTTTGGTGAAAAAGTTGCATCAGATACATTTTAGGCTATTAGCAAAGTGCGGCGGAATTTCACGCAAAGATTGGACCCTTATGATCTTAGAAGCGGCGAGCCTTACACACCCGTTTTATAATCACGAGACCATGCTACCTTGGGCTCGAGGATGGGGGGTGAGGCGTGCACGGTCGTGCACACAGATCCAACAAACCCTAACAGCACTGGACATAGATTCACGGGATAGAGCCCTACGG,1
AAAGGTGAATTATGTAGACTACTTGCTGCTACGGAACCTCCAAGCAAATGATGTATATGCATCTTGGCGTTCCATAGAAATAACAACTAAATGAGAGTGATCATGCGGTGGTCATGGTGTATCGCGCTAGCGACTGACCGTGAAGCACTACAAGCGGCAGTATGGGAGCGATCTCTCGATAGGTTTCTTGATCCGCCCGGTTAAAGCTTTTACCAACAGTCCACGATCGCACGGCACCAAGTGCCAGGCAAAAATATCTAAGGCCAATTAACGGACGCACCTGGTAAGTTCGCACGAGTG,116
TCCCTCGTATGAAGAGTGCCCTATCGAGGCGACTTATACGTCATCACTAAACGCTCTGGGCCTGTTTATCCAGAGCTAGCATCTATGGAAACCCCATGGCGCTATGGTACTTGTGGGGTCTGTGTTTGAGGCCTGGTTCCCTTGGATATGGCTTGAGATAAGAAGAGAACCTGGAATATATTCTGTTAACCTTTTGTGTCACGTGCGCTACCTTGCCGGGCACATAAATAGTTCTAGAGTTAATCAAAGCCGGGATGTAATAGCAGCGGTGCTTGGTAACGAAAAGAAGTACCTGATCAA,292
TCCCTCTGGGGCTGACATTTGCGGTCAGCGAAGACGCTCATCCTGCTATTTATAATAACCACCACAGATCATATTGGTATTGACTCATAGCATCTCAGTTAACATGGCGACAGATATTAACATTTGGGCCACCGCGCAGAGCCACTGCTAGAGGCTAGGACATACCCTTTAGGTGAGTTTCCCGGTGAACGTGTTATGTTTGGGTCGAATTAGTCCCGCAATTGTCTACTTTATCCTAAGGTGTAGACGGATTGCTCGGTTTAGAGGCTTAACGGGTTGTGCAGGGTTATTTGAATTTGA,271
ACGCTTCCTCCAATCGGCCTCTACAACCTGAGTGGAACCGAGGAATGGAGGGAAACCACGCTGCTATGTTGAGCAGGATAGGTTTCTTCGAACCTTCTGCGAATGCTGTAGGAGAGGTTTAAGAGTAAATAGCTTCGCTTGAGTTTGTATATGAATAAATGGAAGCACGGAAGACGCTTGCTCCACTTGACACTAGATACATACGCTAAAGATGCGCGCGCGAACGATTAAGCCCCAGTGCATTCTTGCGAGTCAACGGGCCGAAGGGAACAAGCGCCCTGTTACCATCATAGGTGAAGC,287
GGCCTACGTTGTTGCAAAATCGTAACAAGCCAATGGCTAAGTCGTCCACAGTCGGCGTAGTACCGGTAGCCGATTCTGAGGAGGCATTATGCCCCGAACGCGCGAGAATGATGCATGTGCTTAAATTCCTGCTTACAAGCAGCTACCCTGTACTCCTTAAAGTGTACGTAATACACAACCATGAGGCTGAGCAACTGCATTGGTCATCGCTTGTGACGCCAAGTTTAGCATTTATCAGCTACAGACAAGTCGGTCAATTATCGGCGTTAGAGGATTGTGCAGGATAAACCCCTCTCTGCC,198
GATAAAAGTTCGCACAGCAGGGTAGACGATATGGGCGCCAAACACATGACTGGCTCTAAATCTTGATTAATTGACTTTCTGGTGGAAGCGCGTCTTAACATTGTACCTATACCTGTGCGCTTCAAGCATCCGGGTGAATTCGATGGACTGGGCGTTCCCATACCCACAGCGCCCTCTTCTGCCGATGGCTAAGTGTGGATCTAATACTGGATGATCCATTGTTGCAATAGTTAGATTCGCGGTACTCGTAGCGACGCGAGCTCGATGCCGTCTCAAGCTTAGGTAAAATGGTTATGTTGG,213
TAATCGGACTAAATCCGATGTCACTAACTGGAAACGCACACGTCATTGGAATCGCGAAGCAAAGACGTTTCTTAGCCTGCCCAAACGTGTGCCACTGCAACACATCGTTACACTACGTTCGTGGGGCTAAAGCTTCAACACGTCCAGGATCAGGACCCGCTCTAAAAGAGGTCGTGCTGTACCCACTTGCCGGCAACAGAAGCGGAGCTTGAGTACGTACGGAACCGCTTGCTAAGCTCGTGGAAATTGAGGATAAGCGTTTTGTTGGGCTTCCCCGTACACTGGCGATCCAAATTAATT,47
TGTCCGAGGGAATGTTGAGACGATCCGGGAGAGGATCGTCGTCCAGTCTAACACACTTGGAGATCACACGAGTGCCACAAGCCGCACACGATGTTGATGTGCTCACGGTCTTGGACCGATTCCGTTCGTTATGGGGTTCCAGACCTAGGTAAGGATATGGATGCGGGGTCGCCTTTAACCGGAGACCGTCGTGTCCTTCCGTCTTCCGCCGTCGAGTCACCAACCGGCGTTGACGCTATCTAACTTGGAGCGCCCCGTAACGCCGCGTTCCCAATGAGCGATTTCGTACACGGACTTGCA,273
GCCATCCACGATACCGATCCTGAGCCGGGCTGCCCCACGGAAATTGATGGGTAATCAGCCTAATAGGGTGAACCTGCGTGCTTGTGCTCCGTTTACCTGAATAATAGCCGCTTCTGCTATACTACATATAACCCGTTGTTCCATACACACAAGATCAAACCGAGGGACTAACGAATGAATCCAGTTGGCGTAACGGATACGTCTCCTTTCCGGTCAAAACTAACCATATTGCCTTAAACTGCACTACTTGGAATGGGTTAGGGACCATTAGTCTTCTCGGGACAGAGTGAGAGCCTGACT,35
ATGCTACGTAACTTAGATATGCTTGCCCTGATATGAGTGCCTGACCGGAAAATCTCGGAAGGGTACCGGCCACAGCGAGTCGCTATGTCGGAAAGCCCGGGGCTAGTCCAGACCTAATCGGACGCTATGGTACACCGAGAGGGCCGTTTCGCCATGTCCACCCGCCCCCTCTAGTCGCGGTGCTATAAGACCAATACCATTCGGTTTCATCCTGTAGATAAGACAGGAAAACCAGCGAACGGTGATGTATGCCGCGGGGCTACTATGCTCGACGCACAATCAGCCCGTCGCGAACAACTG,279
ACGATCTTCCAGAATCGGCGCGGAAATAAATACTAACAGACGGATAGCTGCACCACTGCGATCACCTACGAGAGGCTCCGCCATCGCTCAACTTGAACAGGATACTACGGTCGTCATGCTATCGAACAGCCGTCTGTTATAATTCTACGGGCAGGGCGATATACCATAGTTCCCGTTTCTTCGCACTACGGGATGCATGCTGTGCAATATACACCCAATTAAGTCAGACACCCGAACTCGGACCCTGCTGGGTGCAAGCTGATGAGCTTTAGATCTCATATTGAAGGTCGGGAGACTCCA,136
GTACTGGTATAGCCGAACTCAAAGCAACACTAACCTGACATCGGATCGTTAAGGTCCGTAGAACGTTGAATTCTTGGAATGAGGTAGAGAGCATCTCCCAGCACGGATATGAAGAGATGGTGGGATACGTTGAGCTAAAGTTATTCGCTGTGCGGGACCATTGCTGCTGATCATGACTCAATGAAGTTATGGCCCCGGTACAACCTCGCGACACAAATTACTAGTGTTCAGGCACCCTTTAGGTTTCTCTGACCTGTCCGCGGGTGGCCTGTCTCCCTCGCTGAGCTCAGCACAAAGGAC,96
CAAGGCCGTCAGGACTTTGCCGGACTCGAACACCGACTTCTACACATTCAGCCTTGTCTTTCACATAGGAGCTGGTAGGGTCCCACTTTCAGTCGATCAATTCCTCACTGGGCACTTTAACGAATGTCCTTATCGAAGACCGAGGTACTAGCAGCCTGCATAGTGTCGGTCCGTCGCGAAGAAGCGGATTAGCTCAATAAACTCAGAGTTCGAAGATGGTTGCAATCAATCAGTTGAAAACACAACTTCTGATGTTATGGGTTGGTGGTTAATTGTGTTACCTAAATGCACAAGCCACTC,198
CTCGCTTCCCACGGAATCCAAAGAATGGTTCTATGGGACACAGGGCCGTCTACTTGAGTCGGCGTCGCTGCACGGGACACCAATTTCCTCCTATAGCTGTATCGATCCGGCAGTGCTAAAAATCATCGAGTCAAGGTGCTCATGGACAACGTCCAGAAAACTCACTCATCTGTCCGTCTGTTTGCTAGTGCTAGGGTTACTACCTTCGGACGCATGTTATGTGCATACGCGCGCTTCGGTGGTTTTGCCCGCTGGGCCTCCCTAAAGAAGTCGGGGAAATCATGACAACGTATCCCAGTC,215
GTGTCGCCGAAATTATACAGAATCGTGTTAGTGTAGTCGGAACGAGATAGTGGATTTACGCTTATGAGCGATCGAGTGGGGCTAGCTTACTAGGTCACACGTAATGGCTCCGAGCCGTTACTCCCGTCGGTATTAGCCCGCTAGAGGCAGTAGGAAGACTGCCAAGCACGCTGTTAAATTACCTCGATCGAGCTCAAATGGTAGCATCTGTAAAGTGCTTAGACGAAGTCGTTCAGCCAGCGACTCCAACGGTCGTAGAAGGCGTCGTTGCAAACCTGTACTGCTGGAAGTCGGAGTAAG,221
TTTTACCCCCCTATGACGGTTCCTGCTACCCCGGTGAGCCTTCGTGGAGATTATCAGTTGTAGTAGGATCGCAAGTCCGTGAAGCTATTACATTTGTTGCCAGGGACACTCTGGGTGGGCTAGTTGGGCACTGACGCGGGACGCACCTTTATGTTTTAAAGGCGCTGGTGTCTATTAATAGCAGGATCAGCAGTTTATGCCACGCCACGATTTCTGGTTCAGTGACTAGGGGTGCATCTATCGTATCCCGCGCGCAGCTGGACAAGGCCTAAAATGCGCCTAACCGCGTCGTTGAGCCAA,265
GTGGTTCGACGTAGTACGTACCGAAAGACGGGAAGTCGCGACTGATTGACCCTTTGTTTACCAGGGTTATGGCTATGGTTGAGACGTGGACCGAGCTCGAAAGGAGCTTGATTATGTTCCAGGACTTCTACACAAGCATACAACTCAATAGAGGCGCATATGTCCTGCCGCCATGGGTACGTAATGGCCGAGGACATCTAATGATGTTATAGAGACACCAAGCAGAGTTAAGTATTATCCAGCGTCACAAAACAGGTTGGTGTCCCGAGCGCAGGTCCCTACTAGGATACAATAACATTA,124
CGGAGCCGCAGACCGTTTCTGATACCACATGTAAGCGACACTTAGAAGACAAAGTCCACGAATATACCTACCGCCCAGGTTGCAAGGCATCCGTGTATCAGTGGCATCAGCGAATACAATCCAACACGTAAGCATTCCTATCTGAACGCCCTTTAACCTCGGTTACATTGGCATCGTTATGTTTGTAATCGGGCCAGCTGGCTAGCGAGATTCTGTAATAGCTAGTCAACCTTGATGCCGCATGTTAGACAGTTAAAGCCTGTACATTCTGCCAAGATTAGTAATAGGGGAGCACTGGAA,84
ATTGCTGTGGTCGCATGGCCAGCACGGGAGGGTCAGAGGCGTAATATTCCATGATTACAGAAAGCATGGCACTTTCATTTGATGCACTGACAGCGCTGAAAGGCGGCTTGGCGTCCGAACAAGCGACTTTACGGGCAATATGATTCCGACTTACTTGCCTCCACAGTGGGAACAGAGATCCTGTCAGGCGTCAGGTCATAGCGTCCCGATTACTTAGTGCGATCCCCGAGGAGGGGCACCCAAGATCTACACAACAACCTAAGTCTAACTCGGCGGACGCTGGTTTCTAGTTCGGGGTCG,166
GCCCCCTGTGGAGAGAATGGAAAGACTAGTCCCGTAGCCACAGGTCTACGCGTATGCACGGGGTCGTAATGTACTATCCCCTCATGTGTCTGCCTTGCTGACGTCAGTCATCAAACCGAATCTTAACCCTACTTGTGCCTCGTGCAATTATCTTCACGAAGATTAGGTGGTCTTGAGGACCACTACCAAGGAGTATTGAATGGCAGTTGAAATACATTCACCACCCTTATCGAGAGACGCTTATGCAGATAACGACAATGCCGCATCTGCCTGGCGTGCCCAAAGGCGCACTATGTGTAC,251
ATCGGAGCTTTCCTCTACGCCCACCCCATAAGAGGTATAAAATAGCTGCCTTGCTGGACCATTCAGAGTCTTTTGATGGGCTTCTTCTAAGCAGTGACTCGACCGGGCCTAGCTCGCGAAGGTATTTCTACTCAGACGTTCTACGGTATTTATACAGCGTGTTGGGAGGCAGCAGTCCGCGCACATATCTACCGCGTTAGTTAGAAGAACAGGTCCACCTACGAATCCCTAATGTTCCGTCATTAGTTCGTGCTAATCCGCCCATTGAACTTTACGTACTCGGATTGGGGCATTGGATCA,270
AGATAAACGACTATCAGCTTTTCGAGCGTTATCTCTATTAGCCGGACGTAGATAGTGATGATGACCGTTCTAGGACGCGGGGAGCGATACACGCTTCGCTGCGATTTAAGATGTTTATCGCGCGTGGTTAGTACACTATTAAGCTCCTGGTCCCTATCCATAAACGGATTTACCCCCTGACTTGTATGCACGATTGGTGTCTGCCTTAGGCAGGTTGTATAGCTATATGGAGAATTCATGACTAGTCCGTGGTATGGTTAGCACGCACTTGTTGTGCGATATTACATAGGATATGTAATG,227
TGAGGGCGGGATTACTTATACCAATCTGTACGGACTCGCCTTCGCGCCGCAGATGCCTACTCATCTTGGTAATGGACACTCTCAGGCTTCCGAATAACGCAAAATCTTCCCGCACATACCACTTCATTCAACACGGGTGACGGTTGCATATCAAAGCATATGGGACTCCAGTTCAGTATGGGGTGCCACCCGAGAGGCAGTTGTAACGGCACCGCTGAAATGTAGTTTCCAGCAATATCTATGTCCGTTAATGGGTCATTCGACAACTTGTAATTGCGTCGCGCAAACCACCCGACCGTC,60
TAGTGGTGATAACGGTGAATAGTTGTGCGACGGAGCGATCAAGGCCAGGTCTTCCGTATGTAGACCCAGATCTGCATGCTTCTTCCGTACTGCAGCGGGAGGTATTACTTGCTCTAACCCGAACCCATCTTGGAAGCTCGGATTCGGTACGATCCGTGAATTTACGACACAGATTAACTAGGTCACCCGACTAATAGTATGCAAACCTCCAGTGACTTCGAAAGCTAGCATAGCCATAGCTGTAAGAGAGTTGATTGAGATCATGTCAGATATACGTGTTTCTCAGGGCCACGATTCTCA,51
CGAAGGCATTACTCGTCAGGGAGGCAAGGTTGTTTCTGCCGATTACTGAACAGCGAACGCGCACACGATGCGCTGGATTTGGTCGGAAATGCCCTGTTGAGTCTAGGAAAGCAAATGATTTAGAGTGTCTAGCTCGCCACTGAAAAAAGCAGAGGAGCGTGATGAAAGACGTTGGTAGGGAGCAAGGACATATAGATCAGCTTCAACTGTCATGGCCAGTGGCGTTGATATGCGAATCTAGTGCGTTCTCCAGTGTAAGTGCAGCTAGTAACCGCTCCGAGTAGTGGGTATCCTACCGAT,178
ATTAAGATCATAATCTAAGCGTCGGCTTAGGTGACTGAAAAGGCCCTACCTACCGGGTGAGAACGTTCTTCACTTTTATCAAGACCTAACGAACCGTGGCAACTACCGCTGGTCAAGCGAGGCACCTTGGTGCAGTATAAGAATCTCCCCCTGTGAATCGGCTCTTACTATCGAGTGAGCAAGTTTACTAGAAATACGGATCCATCAAAGCGCGGCTAGGCTTACAGCAGTACCTTCTCGGACTGGATTTCTGGTATACGGTTGGTGAGTTACAACACGGAGCCTAAAGTACTTCTTAGG,128
ATTAATAGCTATTGGGAACGATATAAATATCGCGCAGTCATATTAGCCTTACTATGGAACACTCTAGGACACACGGAGGTTGCGGACACACCGAGCACCCAACATCGGACGGGTCCTGTATGTCAAGGTCATACGGGCTACGGTTTAGAAGTTATGTGTCGTAGATCTCTGTGAACGGTTGCACCCCTATAGTTGATTGCTGGCCGGAGTTCACTTCCCACTACTTATAAGTGTCGCAGTCGATACAAGCTCTAAGAACGGAAGACGTACAATGCGGCGCATAGAATAGAGTTGCTGTAA,281
TTTGTGGGACGGATGCCCTTCTTAAAGGGGCGTGAACTCAGCTCAGTCTCCGGCTAAGAAGCACTTGCGCCTTCAAGGCCCTTTGGTAACCAAATGCGAGTCATCCGTTCACAGCGCTCCCGCCCCCCCTGTTTATAACTCACATCTGTCCTCGCCGTAGTTCTGCAGTTTCCTCCCTAATTGAGATACTCACTACAGACCTGCCAAGCCAGCACATCAAAGTAGTTTTGAGTGTCTGGGCAGATAGAATCCGTTATGCCTGTACTTCAATCTCCGCACCTAAACAGGGGTGCAACCCAG,62
AGGGCAGATGAGCATACACGAAGAGGTGGATCATGCCCCAGCTTGTGTTAGTACCGTCTTGGTCTTACGCATTCTAACTAATGAGGGGTATTGCAAAACTGCCGCTTTGACAAGGGCGGATGAGTATCCGTCTTGAGTCTTTAACGGCACAAATACCTCTGTGCTGTGCATGAAGACCACTACCCCGGGGCAACATGATGATGTCGAATGCTAAATATATCTGGTAACGATAAGCTGGTGTAAATTGTCCACTAGCCTACAATTGTGGCGTAATTTGCAGAGAGGCTCTTACGGCGGCGC,185
CCACTTGTCTACGCTGAGCATCGAGTAAGATTGATTCTATGGCATAACAGTTTTCTTAATAACCCACCCGGAATGATTACCAGGGGTTCCCCCGCCCGGAACGGCCTGAACTTTGCAACTCAGCAAGTTGTAGGCACTCCTATTTAACTCAGTCACGGTGCAGTCTGACGAACACCGCCCAATTGTGTGTTTACTCAATGCGGGAAAGTCTCAATAGACGGTGGGGTTTGTTAGGTCGGGGGCTATCTTGTACTTGAGCGTCGTGAGACCCGTGCTAATTTGTAATCTACACGATATCGG,18
CTGAGCGGATTTATACTCGTAACCTCGAGATCTAATCCATTATGTGTTACTAATAGCAGTCCCCCGGCACCTTCACCTCACCAGGAGCGTGAGGTATGATGTATACTGCTCATGTTGGGATCATATTCATATATACACGCTTGTGCCTGCAGTTTATTTCCGGTATCTTGAGTGACATGAGGATCCCCTTTAAACACGACGCTCGTGCCGGGTAGTGATCAAGTGCCAGCGGCAGATGTATAACCTTTTGCGGTGTGAAACTTCCCGACACTGGCATGCTTACCGCTAAGGTGGGGGGGA,262
CTTGTGCTCCGGAGTCACGTCTACGGCTATGCGGCTCCGAGTCCTGTTACGAGCTATAGGTAGACTACCTTGTTGTACGTCTTTACGGATCTGCCAAAGGTTGTACAAATGACAACGGCCTTCTCTTGCTCGTTTATAACCATAATAGTTGGCCTTTCGCTAACGAAACCGAATTTTTGGACATGTTCTTGATTTATTGACGGGGCACAGTTAAGTGGAGAAAGTGTCCCGGCACGCCTTCATTCACTTCTGCGGTTCTGCTCATATAGGTTAGAGTGACGCCGTAGATCCGGATCTTGA,23
GGATTGACCGACCTTGATGCTGGAATTCGAATCAGGGTCCACCTAAGGTTGCGTAAACAGCTGAGCGTCGAGCCAAACTGTTTAGTTAGCTACATGCCCAGGCTGGGTGACAGCTGGATCCTAGGATCGACGTGCTAGAACAGTAATCGAGGCCCGATCAGCCGGATCGTCGATCCCAACTCGGTTTTGAAAGACTCATTTCCCTATGCCTTCCGTTGGAAGTCCATCGTTCCCGCGTCGGGAGATCATGAGCACGTCTACCTTCCAGGCTCAAGCCGTATCGCTTATTGCTCCCCCCTA,136
GTCAAGGGAATTCGGTAGTGAGGGGATACCTGGCTGGTCACAGCTCCCGGGCGTACTACGTAGGCTTCTCAAGAGAGACGACTGTCGATAGACTATACTTACACATTCTAACTCGGATAATTAATCCGTATCCGTATTGACCCATATAAACGGGCCCATGTTCTACACGGTTAGTCACGCCCTTCTGGGCGTAAGGTACTCTCCTCGTCAAACCCGATTCTCCGCGTGTAATATGCCTAGACGTGTAGCGGTCGGTCCAGTGAACAAACTTGGCATACCCCGGGCGTATAAAACCCGACA,177
GTTATAATAGATGTTTTGGGCTTATCGGCACAAAGGCCATGACGCAGATACCCTCCCCGCAGTTCGCTTGCCTCAACCTTACAGGTCGGCACCGTCGAGAATTTACATGGTCAAACCAGTGGTTGCAAGAACTTTAGAGCGGGGCATGCAGGGTTCGACAGTTTGGTCGTCCTCCAACACCTAATGACTGGGTATGAGTCTGTATCATCCGGACGCAGGAAACGATTCTAGGGGCGAGACACGTGCTAATTGCATCCTGTCAACAAGAATCAGAGCACAGCGTGACGCCTCCAAACATCG,94
AGTTGCTACCCACTCCTGTAATCTCCTTCCTTATATTCGCATCGTCACGACGTACATATCTTTTAGCCAGACCGAACGAGGCCTAGTAAGGAATTACGTGTTTTGTACAACTTTGTAGACACCAGATATCAACATCTCAATTGTGCTTTTAGGGACGGAACTTAAACCAACCTGCGTTGGGGCTCGTAGGGCCTTGTGGTCCTTTTTTTCGCTGTGTCAACTCTGGACGGTCAAAACCGTACCGTAACTAGTACAGACGATGACGATAATTGTGTAAAGTATGATTAAAACGTGCGATGC,45
GTGAGAGACGGAAGCGAGCTAACCAACCTTATAAAAAGTAATACTGGCTAGCTGGTTCAAACATAATAAGAGCTGGATCCGCGTCGTCAGCACTAACGTTCCGAGGGCGATAGATATGTAGATAGGCACGCTGTCCTGAGAGCTGAGGGTGCATCCAATCCAAGGACGAATGATCACCCACAATCGGAGTCTAGCATCTATATGGGCTTTTGCCAATCGTTACGCGCATGCATCTCCGTACCTGCTGCAGTGCACCCACTTAAGTGGAACGCTGCTGCCCGCGTTAAATAATACACGCTA,52
TAAAACCTCTCGATTAGAATATAAATCGGGCGGCGCAGGCAGCACACGGCTACAAGTCAATTCGCCCTACAGGGTTGACTCGCAAATCACAACCAGGACCCGCAGCTTGAATCCCTGCCTTGGAATGTTTAAAACCTGACAGTCAGGAATGCTTGTGTGTTAACATCCTTTGTCCACTTCTATTGGCGAACCAGGGGGTCTTTGCGACCTTCGGTCAGCGCGTTCAGGGGATTTCTAGATCAGTTGATATAACTTCAATACTTAGACCAGGGATCGGGTCGAGGGGAAATGTTGAGCCTA,181
TCTTGCCTTTATCACAGGAGAGACCCACACGTGAAACGCAATTGTGGCTTTCGGCCCATATCAACTTTCAGGTTGCAGCGTTTAATCCGAATGGTCCCACGCAGTCCGCGGTCACAGGAAAGTCAAGTTACGCGCCGACCGTTCGAATATAAGAAAGGCCAATCGTCCTGCATCGGAGGGACCTGAAAAGCATGATAGGTTCTCCACAACTTCCAGGGAACCAACGCGGGGGCCTTACACGGATACGGGAATTGGTTTTTGTTAAATGCTTGAGTGGGGGGACATCGGCGGAAGTTATTC,201
CCAATCTACAGCTTATGCACAGTAGAACGGCTGTTACAGGTTTATACACAGGGTCACAGTCCTTTTTCCCGCTGAGAATTATACAGAGTCCAAAGCTATTTTCAGAATAGCGCGGGCTGCTACATCCTGCCACCATGCCCACTCGCCTTTGCCAAGTGCGCCGTTTTCCTTGCAGCTGGCTTTTTGCCGGTCACCTGATTGCACGCCAACAATGTGGATTCGGCTTCGTATCCTCGGCGTTCGCCTGACAACTTGCGACGGATTATTCACTGTAGCCTGGACCCATGATTCTCAGATCAT,59
GGTTGTTAGCACACATCCTTTAAGTAGTGACCGAGATCGAGCAATCCCTCGAGTTTTTCCGGGAGTAGCTCTCCTCATAGCGGGTGCCTAGGAAAGTAAAAATTCCACCCTAATGGACGCAGCTCTTACCCTTTCTCTGATCCTATGCTCCTCATAAGAAGTGGGATTGCCGACCCCGTTTTACGCATTGCGGCGGGGTGTCATCATGGTAGCGTAGTAAATGGAAATAGACAGCGTTATTTTCTGGGCACGGTGGCTTGTAGTGGGACATTATTAGCTCAGGAGTCCCGTGGATCATCC,183
CACGAAGGACAGTCCGAAGCCATTTGTTATTGAAGTGACTCTGCGGGGTATCAAAAGAACTTGCTGTTTGACAAACCGGCAGAATAGAAAGGAAGACTTTCCCCTAAACCTAGGACTAATTCCACGAACGGACAAAGAGTGACTATGGATCGACGTATTAGTACTGCCAAAGAGCCCAACAACAACAAATTTAGGCTCTAGGATGTCGTCACAGCCGTCGCGGATGTGATATAATTGCCATAGCCTCCATGACAAATGTATGATTAACCGCCTTTGTAGGGCTTTAAACTATAATGCCCC,225
TAGTTTGTTTTATGGTTGGTCCAGATCGTATTAGCACAACCATCATTCTTTGTATTTATTAGCGCTCATGCTGAGATGCTCCCAGGATCATAAATTGTCTATTCAGGGCTCCGAGGGGATATCAGCCCCGGCCAGCCGTTAGCTACCGTAAGGTGGGTTCAGGACACTGCGACTACGGATGAGACAACACGTTTGCTTCTTCTCATTCATTTATTCATTTTCGTGTCGAGCGTCTATTTCTATCTCCATAGGAGGTTCCTCTCCCCCTACCCCGCAATGCGAGTCCCAATCCGGTCTAAC,217
GAGCTCTGAAACGTCGTCCAGTAATGTCACTGTCTAGTGGGACGGGGTGAACCCCTGGGTCACCTATTGTCACGCCTTTGTTTTAATTGAGAGCACGACAACTGGTGATCGAGTTCCATCAAGGGGACCGGTGAGCCCCATTTATCGCTGACTAGTCAAGGGCAGCTATAATGTGTGCCAGCCCTGTAATCATACCGCATGCGGTGCCCTGATGAGGAAAACATAGTCAGTTCAGGAACAGTGAGGGTTCGTCAAGGCTCCGATTCACACGTTAAGTAAGATTTGCCACCTTGTATGATC,89
AAGTATCACCTTACGCGCACTCTGGTGTTGTACCGCTTATATCGAAAGAGTGATAATCTGGGTTGATGCCCGTACGACCATCTGGTCATTTACGGTTCACGGTTACTCTATAGGATTATGCTTCAGATATGCGAAAGTTTTCGCAATCCTAGCGACTGCCGAATTAGAATCACGGATTGGCTTTATATAGTTAGCCATAGTGTCTTGAACCCGACTGAGTGTGGCTTGGACTGTGAAGAGGAAAAATGGAGCCAAATCCTTGGACGCTGCTTCGGTCAATCTTGGCGTCACACGACTCGT,45
GTATGGGGTAAATTGAAATGGCACTGCTCGCGAGTACATAGACTTTGTAGGGTTCATATTTTGGGTTTGGACGTTCCAGCACAAAAGGGTGCTGCGAACTTGATTAAACGGGACCCACGGTTGAGCTGCCTGTCGAATCTGTAACCACGTTCAGTGGTACTAACCATAATGTCTTTGACTTTGATGTAACGTTATATGTTCAACCTATAATTGCGCTGCAAAAATGGGAAACCATTTTTGCGCGCGACAACTGTCACACAGAGCAGAGTCTTGAGTAACGTGGCAACACATTCGCAAGAT,9
TTACCCTGATCAATGGTGGCGCTTGTAGTTAAGCAATTGCGGGCAACCGCCGAGGCTGACCAAGTATAGACTAGTAAGGGTGTGCCACTTTCTATTCACAAGAGAAACGCGACAAGGTGTCCGTGTCACTCATAGGGTAAATTAGTGCGGATTGCTGTATGGATAGCATCGCGCAAGTTTCACTCCGCTACAGCATCCTGGGGCTGACCGACCCCAGTAGGCTCCTCGCATGCTAATAGTGCTGAAGAGGCGCAAGCCCGAGGATAAACGAAGGCTTCTTAAACAGACACGTAAATAGTC,211
GGCGGGATCCATACTCGTGTGTCAAGTGTTGGATGGGCACTCGTGTAATACTGGGCCAATGGCGAGAAGGACAAAATAATCCGGGGCCAAGAACCAATCCATTCCAGGTGTAATCAAACGTCGACCGTTAGGTTATCATTTATCTCTGTCTGGTTGACGCATAAGAGTACCCGCCACTACCACTCCTAATCGGGCTAAAATTAAGCACGAGGCTTCTTTTATTCGATACAACCAAGGGGGTGATCGTCACCCTAAGTCGGCAGCTGCCTACGTCAATTGACTTTATATACGAGCCCCTTT,83
AGGCATCTCAGAGATTGCTCACTTTAGGAGATGTAGAACTCTATGATATCCAGATTAGGACTGTAGGGAAGATTTTACGACCCCGCAAGACCCTGTTAAAAACGTGTCGGAAGCAGTCAATGGGTCGGAGGTCAGTTAAATACGGATAGGTGTATTTGCGGCAAGTCTCGGCAAAACCAAATGGCGATGGTACTTAACACATACCCTTTCAAAGGTTTCGCAGGCTCAGTAGCGCAACTTGATAGGTCTACCTGTATTATTACGGGTCTCACGTGCTCAAAGCGTAGGGGACCAAATCTT,282
ATAAGGGAGGAACTATGTCCTCAAGCTAAGGCCCGTTCCAGCGCTTTTGCCAACAAAATAGGCTAGCTCGTAATAAGGTCTGTCGCGAGCTATATAGCGGCGAGCGTGTCGCCGAACTGCTGAAGCCTTCTAAGCCAACGGTATACGGCGGCGTTCTACTCGGATCTTCATTGGTTCCAATCACCTGAGGTCGTAGTCTGAGTCCGATGGTCCGGGGACGAACCTCACACAGTCGGGCAATTGACCTGACGACGTATCCCTGGACTTTATGGCGAGACGTTTTTTGCATGCTAACGTGGA,15
TAGCAGTCTGCTTGGACGATGCACTTAAGTAAATCTCCTATGCTCAGGTGTTGGCCATTCAACCGGGCACGATGTAGAAGAGGCGGTTCCGAGTGGCACAGCTGTCCGTGCGCTACTCACCGTTGATAGGTGAGCATATTGTGTCCGTCCACATCGCGTACCACAGTTACCGCCAGACGAGCGAACGAGATAGATAGGTGGCAACCTTCAATTCTAAGTGTCGGTGGAGTGGTGTTTTAAAGAGACGGTAGCAGGTCCGTCCCCCGGTGAGATCGAAGGTGGGGAGTTTCCAGTGTTTGC,135
ATGGGGCGGCTAGTACCTCGCAGGTTGGATGCAACGAGGATACTCCCTGTACCACGCCGAGGATCAATCCGGCTTGGGTGATGCCACTACATTAATACTATGATCTCTTGAGCTGCGGCCGCGGCGGAGCAAACAGTCCAATACGTAACCCAGCAGAACGTCACGCCGATTTACTTTTACTGTAATTATGCTTGGAGGAGAGCTGGCACCCATACAGAATCTAAGGGGACATGTTCGTTAGCCAACTTCACGGTTTGAGCACGCAGGCACCCCAATATCGAGAGTTGTAGTACGGCCAGA,280
TTTGGTGAATTAGTGAATGCACGGTCTTCCACTGGAGTGCGCGTGACAGTTCATATATAACCAGTCAACCATCGGTTTATTCCAACTAGCTTAACTCGAACTCCTAATGAGGTAGACATAGAATCATAACGGAAGGACGGACTGCTTAGGCGAGTCGGGTATCTCTACGTGAGACGTACTCAGTTGTTCTCGTCACTTTGCACCTATCGGCTAGTCCCGATCTCGTGGGCGGAAAGGCATGTACGGTGAGGGAGGACGTCAATTCGTTCTGGCGTTAGGGATGATCGCCGCCCTTCGTAA,164
TTGGATCATGATTGGAATGAAGTTGATCGAATGCTGCGCGCTCTGGACTGGGTCATGCCTCAGTGAGATATTAAGGCTCGCATTATCTTACGCAGGGCTGATTGTCGTCTATCCGTGACGATGGCGGTACATCAGAAGGATATCTCTTAGCTACGCTAGTGATGTTTTTGTCCATGGGATTCCATACTATACCCCCAATGGGGGCGGGAACAGAGGTAAGGTTCCGGGCTCTTAGGAAAGACGATATTATGACGAGAATACTATTGAGGTACCGGTGTTTACAAACCACGCGTCATAAAC,76
CCCGGGGACAGTGAGCAATGCCAAAGTCTATAATGCTTTTTGCTCGCCGAGGACAATATGAAGCTCCCGTCCGGTCATGCTGTGCGAGCAAGTAATTTGTTGCGGCAGCCTCGATTTTCACCGGCCGGTGACCCAAACAACAAAATTTCGAGACGGACCGCCCATATGGTAGCTAACGTGCCTATAGCCAGCTAATGTTCCTCCCTTCAAGGCCGCGCTACACCTTTATGGCTCCTGTAAGGAAGCTTCGGGGGGTCATCTTAGGTTAGGGCCATTCAGTCCGAATCGGATTCGACTTTT,258
GAGCTCCCATTCAGGCCCCACCCGCGGAGATAGTCCGTATGTGTAAAGAGGGTTCCCATGCCCCACTCTTCAATGTCGTGTCGTTATCCAACATCAGCTCTGGTATACGGTAGCTAAGGAATAAAAAAGAGCTGGTTGCGCACCATAGATTCGAGCTAGAGATTCCATCGATATATTCCAACCTCCTCTAAGAAGGCACTTGTCTAGCTTAGGATACGGGGGAAAGACACAAAGATTTTTTAATGGGTAGACCGGGGCTCCTTGGTATCCAGACAATTAGGACCTTGAAGCTCACTAATC,273
CTTCTAAACGGCCCGAATGTTGGGTTGAGCTTTCGCCTGCGTACCAGACGGGACGACGAATACTTGTAAGAGCAAATGGGAGTTATCGGAAAAGATTATGGAGGATGGCAGGAACCCATTGTAACTGCCCCACGACGAGCCTATGTGCGATAGACTTGGCCGCCAGGTCGTCTTACCTTAGGGTGATACCCGCAGAAAGGAGAAAATAGTTATGGGTGTTTATAGAGTTTAGTGATGAAAATCTTCGTTTGTTCCTAGTCCAAGACCGGCAATAGCGAACCGTCGGAGCAATAGTGTGAA,96
TTACGTACGTAACGGTGTTGGATACCTGGTTCAAATATTCTAACGATTTTGTTCTAGACTGCATCGGAGTGCCGTAAAATGCAGAAGCCTTTTACATATATATGTCTGGCAATGAACCAACACCTAAGAACACATATCCTCCTCAGGTTTTGAGTACTCGAAGCAGTTCTGCTGCGTCCTGACCTGACCCTCGGCAAGTAAGTTACAGATCCTGGCTATCAGAAAGACAGTCATGTAACGCTCGCAACTAAATCGCCTGCCGAAAAGCTCTACTACGCGTGTCATCGCGAAATACGAAAT,29
CATGAACTCGAAGTACTCACAGCATGGTAGCAGACATAAGTACTCGCATCTAAGTTAGAATCATGTACGATAGGTTATCAGAATTTTTGTCGAATCCTGGTAAGGCTGGTGGAGAAACGAGTGGTGGTGAAGCTGCCAACATATATGGGTTGCCGACGGAGTCTTAATCGACACGTCCAGTCCAGCGGGGGTACCACCGTGTCACGATTACCGTTTTTTGGGCTTTTTATTTATTTCTACAGCGGTACGCTATCTCCAGAAGACATGCGGCGGATAGTTATCCGCGAGAAGTTGTTTGCA,231
GTCTGAAGTGCGGGTAAGGGCAGGAAGTACTTACAGTACAACATTTGAACTAAGACTCTTCGGACCTTAAATAAGCTGCCGACCCAGTTCAGATGGTAAGATACGCGTATACATCGCCATCGTGGTCGCAACCTAAATTTGGCAGTTGTAGAGTATAAGTCGGAGAACGTCTCTACTGAAAACAGTATCCAAATTTCAGGGAAACAGTACACGACAGCTACGAGATGAAATCGTCATCTCGGTCTGTAAGAACCCGGTGAGCCGCCACGGTCTCGGGTCCAAATTAGGCAAGCCCCCTTT,153
TAAGAATATCGGAGGACCGTGAGGCATCACACGGATGTACTTCAAGCGACCACATAGGACAATTACCCGTCGTTTGCAAGTCCCTACCAGCTGGAAAAAAGTCCGCCGAATTTGCATAAGCCGCCGAGATGCGCAAGTATCACCGGAACCTGTAGGAAGGAGCCATAGAAGGCTTAAATAACGAATGCAGTGTAATCGACGGTTAAACCGACGCTCTTTGCTAACCGACAACCGATCGCAGCTGTGTGGCAATATTCGTCCTTGTGGTCTTCTTATGCGTGTGTATTACGCCCTTAGTTG,190
GGGTATAGCCCTCCTCATGACCTCCGTCGCATGGTCAACTGCCCTGAAGCTAGTCGCTGACGTTACGGTGAGCAATGGCGGCGACCTACTAAGTCCTAGCCGCCGCCTGGAGGGGGTTCACGTCCTAAAGCGGGGCTATCCTATCAATATTTGTTTTAATCTCCATTGGTGCGCTTTTGCCCAGGTGGTATACATGCGCTTATTAATCCAGGGACGGCGTTTGATTACAGAGCCTCTTACAAAATCTGTCGCTACGCAAGAGTCAAAGTAACCCATGTGTGCTACACGGTTTTTCTCTCT,184
GTGATGCGGGTGTTACAACAATATGGTCGAAAGCGGCAACCAGAGTGGGTCCAGATTTTCACTCGACAACTGGGCGCCGGACATGTGTTTCTTGCAAGTCATATCTCTCTCCTCATGACAAAGACCTCTGCTCCGGGAGGAGTCTCGCCAAACACATTCAATTACTGTGTGGATCTTGGACTGGATTTGGTGTCCATGCCTGGGAGAACCCACCCGTCTGTAGTCGTTCCTTCGTTTTATTACACACACTTTAAGGTCCACAGCACTCCAATATACGTATGCCGGATCGATATTGCCGCT,57
GAAGTGTGCTTCATCAGTTTCCAATAGAACTATTCTAACGCACGACGGGTATCGGTTCTCTCCCCGCCGCACGAGGGCTTCGCCAACATCATATGCTATGGATGAATACTGAAATGCGGCTTTAGAACTTAATAATGGGGATATCCGAACTGTAAGGTGGGAATAGCGAGGGGCACATCCCAACATAGAACTGCGTAGCTTAATTTTTCGATACTCTCTGCTCTTAACGGATTGCCTTTACCGCATAGACTTTAATGCGGCCCAATGGAACTAAGCCGGCGTCGGTAATGACCGCCCGCG,64
CGGCGGCTATGGTACGTTCAAGGTTTACGTGCACTGGCGTAAATCAACTTCGTATTGATGAATAATCGTAGGTTTCAGTCTGAGTCGAATATTTGAGGCACACCCTGCCAGTACGCGTGCTTAATGACCACAGTTGCCCGGGGTCCATTGCCCTTACTCTGGGGTATAGAGCGTCCGGGTTTCGGATATCATGTGGAAGGGCATTCTATTCTACATGCCACTTTACGCCTGGCCTCGTCCGTAGGTGTGGTGGAGCAGTGGAGTTCTAATATTCCGGACGCAAGTTAAACCGCATGCTCA,273
ATTGCTGCATGTTTCTTCTTACGTCCGGTGCGTTACGTATCCGATATGCGTCTCGTGAGACACTGTTACACCTTGCATCACACGGGGTTTAAACAAAAGACAAAGACCTTATGGTTAATTTTCGTAGCGGTGTTAAAAATACGTGGCCAGCTCTCGGAGGTCAGTAACAGGTTACGTTAGATCGTCCTCCGTTACATGCCTACCAACAACTCTAGTATACATGAAGCAAACCGGCACCAGCATCGTAGTTATCAGATGCTGTCAAGGGACACAGTACTGGATGCGGACTAATCCGGTCTC,82
GGGTCGCATTGGACGACGGGGTCCTTGCCGCCTAGTAGATAGGGAGATACATGTGCACTCTCTATAAACATAATGAAAAAGGTGGCCCGTGAAATCGTAATTCAGGGGTCGCGTTGGGTATACTGTGTGCGTACAAGCGTCTTACTAGTTTGAACCCCCGCGCGGCACAAAGGTCAAGTCCAGGCAATACGCTCGACCGTAAACTAACGCATTTTAGGAACGTCGTGGGGACCATTCTCAGCCGTCTCACAGTCTGTCTGCAGGGCATTAAGTGCCATCCGCCTTGACGGTAGCTAAGGA,22
CGGATAGTCCTTCCTGCAAAACAACTAGTAACAGCCGGACGGTTAGGTAAACGGGGCTACTGCGGCAATCGCCCGGTGAAACTTAGTTCAAGAGTCACCGGATTGGAGATGGTAGAACCGACTGAGGCAAAAATCACCGACGAATCGAGGTATCTCAATCCCGCTGGGTACGACTACACTAGTGACTATATACCGCTACGCCCTGTTTAAAGCCTTAATCTCCTTTTTGGGCCCAGGTCGATCCCGTGGGGACTGTGCATTCAGAGGGGGGCTGGCCGAGGACGTACATAGTCACTCCGA,294
CTGCTACTGATGATCTCTAAATGTTATATACCATGGATCGTGTCTGGTATAATTTATGGTTAGCCGGACGCCGGTCGGTATTGACAGGACCATACGCGTTGGACTGTTCCCGAGAGGCCGCCGACTGTTCTTACATTTTTATGAGCCCCTCTCGCCCAAACGGGCGCTGGTATTATACCGAAGCAGGACTGAACCTCCTGAGCCAGACCCAGCCTTAATTTGACGCCTTACGAAGCTTAGGTTAGAGCCTTAGCTCAATCACTGAGGTAGGTTATGTTTATAGGTTTTTACATAAGTCCG,149
CGCGGGACGAGCATCATAGCCCCGCTAGGTTGCATAAATGTTGTGTAGAGCGCACATCATCCGCAACGGTGGTAATGCTGCAGGCAGCACTTTTGGAGGGGGAATCACGAGTGGGCGCAATCCCGCAACTATTAACTCTGGTTTTTATTGTGACACCATTGTAATTTGAGGATGGTACGTTGTTGTATTTCTAACAGCGAATCGAACAAATCCGTACCGCAGCACGCCGCTGTCGAAGCCATAAGCTTGTGAAGACCTTATTCCTACAAGAATGGGCATAGTATCCCATGTACTGCAAAC,146
AGGCGGGGCATAATAATATCCATCATAGGACCCAGTGGCGCCCTATGTAAAAAATGCAGTGAACTCGCTAGAGCCCGTAGTCTCACAAATCCTATACCACCTTCTCAACGCTAAGATGTCCGATCGGGCATTTAGAATCATATCGACAGTCGGAAGCCATATGGAGCTCATATTCTGAAGGGGGAATGTAACGTCTGTGTAGCCTCGAAGTCAACCACGGTTACGCTTTAGAGAATAGTGCCCAGTCAATATAGTAAGTTGTCTCTGCTACATATGTCTCTCTGATGGGGGGAGGCTCAC,251
CGTGACGTACAGATCAGAATTGATAGTCCGCCCATGCCCTTGAAAGCGAATTCGACCTAATACCGCATCTCAGAGTAGTGAGTGGCCACGCAACGGGTAAGGAGTCGAGCGTTTTGATAACGTACTCGATACTATACAATCGGGGCAAATGGCTATGACTGTCCGAACCTGGTCTGGCGTGTACGGCATTCCATCGAGCACAGGGTTACGAGGCCCCGCCAATAAATTAGTACGGCCATTATGTAGCCTAGGGCTGGACCCAAAGGATAGCTTTCTAGCTCTTCGGAATCTTTCTGGAAT,218
GACGACGGGATCCGCGACGTTTGGCCAACCTCCTAATTTATAAGGTCGCAAGTCACGGTGCGTCATTTACTTATGTTAGAGTGACGGTGACCGACAACCTGGATTGTCAGTCACTACGCGATGGGGGTGTTACCGAATCGTTTCTTCAATTGAGGCGAGATATTCGCTCGTTGACCCCACTGCAAAGTAGATAAAGCCAACAGGTGGAACAACGCTTGCTTAGTTGGGTTACTAACGAACGAACAGTCGCTTCCCACGCTGCCATTCTTATGTAGGGCTCTAAGCGGAGAGAATGGCTCA,140
AAGGCGCGATCGATCGTTTGGCGAACTTGTAGTGCACGAGGGGCGCCGCCGGCAGCCGTACAAATGAACGACCAAAAGAGCACTGCAGTTCCGAGTACTATGTCTGTGAATTCTGCGGCTGCGGCGCCAGCTACTGTTTCCGGAGAACCGTCCATGCTATTCAGTTCCTTCCAATAAGGTTTAGTACCTCACAGAGCTCTGGAACAACGTTATGCGCCGTGTCGAGGAAACTAAGATGCGTCAATGATTATGGCAGCTGATAGTGAGTTGTTAAAAGCATGTAACTTAGAAAGGCGTACA,71
TCTCGAAACCGTTGGGCGGACCGGTTTCTCCCGTGTTTGATACATTTGAGCTTATCGATTGAGCCCCCACTTTAGGTACATCCGGGGAAATTAAAAAATTTTACCCCACTAGTGATAAGATGCTCTTACGGACTTTGGATTTAGTTCGATAACTAAAAAGCCTTTTGCGCTCCCGGTGGCGGGTTAGGTAGGCGGAACCTTGGGGCGTGCGCAGCTCGATTGAGTACAAGGAATTAATACAATATAGCCCGGGCCGGAACTTAGGCAGTAGTGGAATTCGGTCCCGCTGCGAAGTTACGC,299
TTTAGCCCTTAGTCTCCTATATTTCTAAAGGGGAATCTTTTTAGTGCGGCTCCGCGGCCGTCACGAGGACGTCTGGTCCATAGATTTTTGGCAACACGCCGACACCGCCGAGGCTGGGTCTGCGCGTCCGTCACATGCGGGCGGAGTAGACGTTCAGCGCCCAACGCTATTGTAACACCTAGAGTTCCACTTACGAATTGCGCGGCTGGATTGGTATGTTCAAACAGCTAACAAGTATTTTGACGGTAACACCCGTGATCGTATCTACGTCAGAGAGGTTCCCTAACTCCTACTGTCACA,163
CCCGTTAGCTAGTGTCGATTAATATAATAGTACGCTGGACCTCCCGCGGCACGGTCGTCTCATAAATATTGGGACATTACTACTTTTAGTAAGCATGACCCCGTCCTGCTCTCTAAGGTTGACTAGCTGTACGGACGCCTCTTACTTCTGTTGGTTGCGACTGCGAAGGGCGAATCTATTAAACCCCTAAGCTAGAGCGACCGAGGGGTACCTTTGGCTCAGATGGCTATCCCGGACTTTTTCTCAGAACCATTTTCTTATACACTTTGGGGATCGCCAACTGCTAGCCGTCCCATGAGT,267
GAGCCCTTGGTTCCAGACTAGACTTGTCACCGGCAACCACTTACTGACTCCCCGCCTGCACAGACGGGGATCTTACCATTTAGCTTTGGGCGAGCCATATCGTGCCGACATCGAGGCGAGGCAGGGCAACATTACTCGCGCTTCCACCGAACCCGACACCTCCACTGAGGGCGTTCGCCTACGACTTGCTAGGTACAACTTTCCCACAGCGTCAGGGCTTATACACGGCGATGAGGTCAGCCTTCCTCTGCAATCACACCACACGAACTGGCATTGCGTTCAAGTAATATTGACGAGGGG,13
TATGCAGTACAAACTAAGTGAGACAGTGTCTGCCACTAACCAGCTGGCGTGATCCCGAGCCCTGTCGATATCGCCGACTTGTAATGCCATTAGCAAGGCCTCTGGCTGTCATAAGGTAGGTCGTCCGACGGTGCCGGCTCGTTCGCCAAAGAATCCGAAACTCCACAGAGACCCCCGATCCACTTTGAATGTACCCGGATCTGGGGGCTGCGACGCAACTGCCTTGGACAGATATTGTCCGGAACCGCCGCGTGTACAGAAGGAGATAACCAATGGTAGGCGCATGTGATCCAATACAGT,145
CTGGCGGTTTGCTGATAACCGTGCCAGACTACAGTTTTATTTGTAGGGCCAAAACGCAGTAGCAGTGAAGACAGTTTGTTAGTAAGTGGAGCATTCTAGTCCAGCACTACCGCAGTGGTTAGGGAGACGGAACCAAGTAAACAGACGCTCTACGACTAAGAAAACCTTCTTACTCAGGTTTAGTGTCTAAGTTCCGACTTCGTTCCATCGACAGCATTAGCCCCTGGAACATGTCGTGCGTAGAGCGTCCGGTCTTCACACCGCGGGCCGGCATACACCCGGCGTGTTCTCAAACTTTCG,270
AGGGTTTGCCAGATAAGATCCGGGGCTGCGTAACAGGAGGTTCAGTCGTAGGGTGTTTGGCGCGGGGCTGTTCAATTGATTCTCGTGTGCCTTATTCGAAAGGACGCTGATTATTCTGTATGAGATCTTTAACGACTAATATCGTTAGGTTCGGGACTAATTCAAATGTACGTGAGCACAAGTGTAAGCAAGGCTCTCTCCAGTCCGCCCACCGTCCCAACCATTTAACATCTCATCCCCTGAAGGGTTGTACGATTTAGCCCCCCTCGTTCGTAGAGTAACAACCTGTATAAGACCAAG,116
GCTATGATACGCCGATACAGTTCCGGGGTACGGAAGTGACATCACTAATTATTAGAACATTACCAGCGGACATGTATCCTTACCCGTTCGGCATGGACGAAGTGACCTCGCGATGGCTTAATTATTAAGCGTGCGCGCTGTGTGAGGGGCCCCACAGTAAAACCTTCATCTACGATACAGCGAAGGCCAGTAGCACCGCTGGGGTTAACGCGGGACGAATGTGTACGCCTCTCATAGTACTCCGAAGAGGTAATTGGAGTCGGGGACCGCTGTACTACGAGGGGCGTAGGTTAAAGGGGG,151
GCGTCTTGCGTGACAGCTAGCCGCGAATAGAGTATTACCGTTGAGTACGACTTCTTTAGGACCTTTAAGTCACAACAGGCGCCAATCGGACACGGGAGGGGTAGGGTGAAGCTGCAAAGGATCGTTTAAGTCACCGACCCCTCGTCTTGCCGCCTTATGGGTCCTCGTACCCGAGGTTTGTCTATAAGTTACTCGGGAGCAAGTCGCACCCAGCTGGCCCCTAATCTCCACATTCCGCCCGGCGCCTGGGAACGATGACCGAAGGTGACCCCCGTCTTGCGACCTAGGTTTGTTTAGCAC,45
TTTTACAGGTGAGACCGTCGAATGGTATTTACGTTTTCCACCCACAGTTGCAATGGACAACTATTCTATGCTTGTCACAAACCTGTGGCTATAGACTGCCCTATACGATGCACCTTCTCAGCAATTTCCATGAGCTCATAATGAGGTGGCTGATCCATATTAAAGTAGCTCTAGACTTGGGCACCGGCAGGGATAGTGTCAGTTGACGGACACGGGTACTTGCGTTAATGAATGCAGATCGGCTTGTTCTGCGGGTAATAAGCAGAATCTGTTGATCCCTCTTTAGTCGTCTACTGAGGT,27
ATACTTTAGTGGAATACTCCTCCCGGCCATGCTTCTTAAATTAAAATGCGTGCAAGTTTGATTCGTAAGTCGCCCTATGGGCGATCTGAGGATCGAGGGCCGAGGTAGAAGGTCGTGAGGGTGGGATCCTTGGTTCAAGGAGAAGCATTTTACATCGTAGTGCGCGAAAGGAAGGGGGCGGTATATTTTGACGTGAAAATTCATGTAAATGGAAGCGGAGTATGTAAACAGATAACCCGTAAATTAGGTGACGATTCGCCACGTAGTGTACATTAAGCTTAGTATCGCTCCCGCAGAATG,298
TTGGATAGTGAGGACGGGTGCGGCGTCATACAAGACACGTACAACACGCTTAGGCAGGAGATGTTATGTTCAGCCCCCCCGGCACTATTGCGGGGCTTCCGCCTGGTTCACCCTATCATGTCCAATCTAACAGATCAGGTGACGTGGTGAGTCGCACGTTTGAAGGCCAATCCTGTACACGTCCCAGGATCTATTAGCGTGCTCCCCAGCGTCGTTGAACGCTTTTACGCTCCGCGGCAGCAGCGCGATGTCACCAGGATCGCACCCATCCAGCAATATTGTTAGGCGTTTCGGAGTCTA,10
AAGAACAATAAGAGTTACGCTTCAATCCCTTGATATGTAGCCTGTCATTCCACGACGTAAAGTCTACGAGTTGAGCGTATATCGTAAATAGGTCGGATGCTCGTACTTCGTTCGGAGCGCACAAGAGGCCATCATCGCGTCCCAAATCCAATTGTCCGAAAACATATTTTCGTAGTGTAGTGCATGGTCGCTCTTCGAATCATATTCGCATGTGAATCCAAGTTTCATTTAGTTTGCAGCAGTGCTTGTGGGCCGCGGGGTACGACAGAGGGCTCGAGCAACAAGGACCCAGTAAGCCAT,68
GGTGGTCTTAGCGCGAATGACGTAGCTTTCGGAAATGAGCCCCACTCTTCGTTTAGCAAAAATATCCGTATGCCTTCACAGACGGGCCCCTATCTTCCAACGCGAGGATTGCGCCAACGATTCGTACGTAGGCTGCCTTCACGCCGCAGTATTCAGCGTATATTCAAGTCCTCGAAAGCACTTCGATGGTTGATCCTGACGGATCACCCGCGTCATGCCTAGCGATGACTCCGTGAATCGTGCCATAAGCCACCTAGGTCGGATACGGGATATAAATGAAACTGTCTTAAACACCGGCCA,139
TAGTTATCTCTGGACTGGGGTTGGGGATTGAAAAATCCTCCTCCTCCGACCTTCCTAGCCCTGGCGCCGCGCCCAAGAAACAAATACATATGGCGATGGAATCGTACGTTGTAGACACACCGAGACACGTTGTCAACCTGCAGATTAATGCATCGAGCGGTTCGATTGGTCACTTTTCCCAACTTACGCCGCGGACTTCGAAGCCAGACTGGAACCTTACCCTACATACAGTACCCATATGCATTTCACCGTATTTTGCTGTGCCGGGAGATGTTCACTGCGGAGCTTATAATCAGCCAC,94
AACGATGGCGCGCGGTTACAACTACCGCGTCGGCGCGTCGCCGATCCCAAGCACTGGTTGATGCGGTCGAAGCCTTCGTTGCCTATCGTGTGGGAGGCATGATTGACAACAAATCCGCTGAACATTTCGTTAACCGTTACTTGTTCTGTGACTCGCCAGACTTGGATACCTACTATTCCTTGTGTAGGGAATTTGGTAAGCGTGTCCGGAAGTAAAACACTGTCGAAGCGGCCATTCGAATGCTTTCTACGAGTCCTATAGTAAGCCGCAATGAGCCAATATATGCATAACTTCCTATTC,26
TGACGACTTGCGCTATCGCCGGTTCAAGGTCTCCTTACGTGGAATGCCATATTTTAACCCGGCTTCCTTGAGTTTAACCGTGCTTAGAATAGACCATTTATATGGGAAGCGGGCGGGACAGTGCCACATGGTGCCGAAGCGCTAGGTCAGAGTGTGCTGTGCACTTAGGTGCGGCATATTCAACGGCGTAGGACGAGGTTGCTGATCATCTCCCGTATTACTCAGACCATTCCAATCCCACTCTTCCTACGCCGGCAGGAACCTGAACCCCCGCGCAAGGAAGATTGTATCGTCGATGGT,76
AGGGCCGATGTGGCAGGTCATCCCACTATGAAATATTTGCCTATCATTTCGAGAGAATCCGTCGATGGCGTAGCAATACCAGGGGTCGTCCAAACCGGACACGGCGAGATGACGGGTGGCCGGGCTCGGGTGGTAGTTTACGACATGCTGTAGACGGCTTAGGGCAAAAAGCGAGCTAGAACGTTGGATGTCTAGGGAGATGTATCATGCGTGCGCATGCGCCTAGGACCCTGTTAGCAGTTATGAGAGGCTTTATTCAATAAATTCGGTACAGCATAAATGGGGCCAAATCGTCGCTGT,34
CACTATGTCTAGGTGTTCTCGTCTACCATGAACTTCGTTGGGGGGCGAACACCAACACGCACCTTAAGTGCTTAGATTCAGGAGATAGTGTCTAGGTAGTCGTAAGGAGGAATCCGGATCTCATTAATAGGATGGATACATAGGGTCTCTGGTCAAAGATTGGGAAGTGTTGCTCCCAACTGAGTTCCGCAAAAAAAGAAGTGACTTTGATCCTAATGAGTACTGTCTGACTTTCTTATGAGAACGCTAAGTCCACAGGGAGTACTATCCCGCCCTTAATTTAGGTTGGGGTCTGACGTT,267
CCGAGGACTTATCTCAACTATCACACCGAAAAAATGGCGACCGCGGTTCTACTTTACGCCAGTTAGTCTCCGAACATAGTTAAGCAAACGCTAAGTGCATGATTTGCCTCATAGTTGGGTTGAAACCGCAAGAATCTAACTATCCAAATCGTTTAGCTTGGGGCCTGACTCGTTAACGTCGCTATGCACCTGTGACCCAGGCGCGTTAGCCTATCGTCAGACGCTGACTGCACCACAGTCAACTAGGAGTCACATTTAAGCTGGGAGAAGAGGTAAGCGAAACAGGAATTGCCCTGTATA,188
CTCCTATTTGTCTTAGGCTTTTTACCTCACTCGCGTTTCGATACGATTCCCAATTGCAATCGTAAGACCTGCGATGAATCAGCTTCGGGACCGGGTCTCTAGTGCGCGTGCGCAATTAGATGCTCGTTGTACTTACTTGTGATCATCGAGCCTTCAGAGTCAAACTAGCATGCCGTGCACGGTTAAGGGGACGAACAGTGCTTAATAAGTAGCGATCAGAGGGAATGGCTCGCCCGTCGTTGCTGGATTGATGCGACCAATGGGAGACTTATATATAGCGGGCCTTCACCCTAATGCACT,23
CGTAGGTTGGCGCCCGCTCTGAGCCAGAGTTTGTGTCCTCCCCAACACAAGGTAGAGGGGATCCAGCGACCTCTGCTAAGTACTTAGTAGGGCCCCTGAAAAGTGCGTCCCTAGGGTACCGTGCGTATCCCGCTGTCTTCAACACGGCGCTAAGAGGTTTCGCGCGCCGCTGCTTCGCCGTTAGTTCCAGAGAGCGCGTGAGCGGCCCACCAACTGAGCTAGGAAGTACAATGACGAGCCATCTTCGCAGCTCTCCCCCTTACGGCTGAAACTGTCTGTGGAAAAGTTGTGTAAGTGGGG,156
TCCTTGGTATTCTCCGTTCATTTCGAACCCCCTTATGACCTTTGCGTGGCGCATTCCTGGTGTCGTTTTTACCGTCTCGTTCTCTGGTGCGTAACAATCAAGTGCTAAGAAGACTAATGCTAGAGAGGGTAACTCCTCTACTAAAGGTAATGCAGTTGGCTTTCACTACCATGCTCTTCAAAATCACAGCAAGTCTTGAGACCTAAGGTCTATTCGGCGGACCCCCAATATCACGACAGTACTTTAAATAAATCTGATAAACACACCTTCCGTATGCGGGCTCTGAAGAATCGCAACATC,30
CAGTCAGATGGGTTACGTATCGGGGAAATAACATAATCGGGAGCTCGATACACCCTAGACCCTGATCGAGCCGGTTTCTTGCCTATACTGCGAGTAAACCGGTTGGCACGTGATAGCGGCAACAGTCTCTTTCTAGTCCAGAAATAGTAGTCAAAGAGCTATCGCATGGGCTAAATGCCGATGATTTTGGTCAAGTCTCTACCACTGTAAAGCAAGCGCAACGGTAGCACAACGCAGAGGACCTCAGTGCAACGAGCTACTGTTTCGACCATGCGGTCATCAGGGGAACGAAGCTAACGG,56
CAACCTCACTTGTGGGTACCCAGGTCCATCTTGGAATCCGCTTAGTGGGGTACCTCATCTGTAGTTGAGAAGGGCGGTATGGGAGATACAGATAAGGTTTCGCAAGGGAGTAAATACCTGTGCGTTGCCCTGCAAGGGCATTGGATTGCATGTGAATTGTATAGCTTGCTGAGAAAACCAAGATGTGGTTCAGGAGATCGCACACGGCACCTCTGAGCTGTACGATTCGTAATAGTGTGTGTTAACGGCAGACTACTGGTTATTGCGGGACCAGCAGGGATGTCCCGATTCGCAGATTAC,271
GCTTAAAAGGGGAGGGCGGTGTTACCCCGGCGGGTTTGGTATCGACACCGCCCTAATACCAGACTGCCCCTATTTAGGGCTGTAGCCTCCTGTACCATGCATACTGTACTGACGATCACCTCGGCAGCCGAAGTAGGCCAGTTGGATCTCCCAGACGCCGGGGAAAAGCTAATCACGTTTAGCTTTTGCGCGGACGAGTGACGGTGCTCTTACGATCCTGGAGCCAATGTTCACTGCTTTGCCAGGGGTTGGTAAGCATGAATTTCGTGCCCACGGATCGAGGATAGAATTGTAAAAAAA,93
GCGTTTCATACCCTGTAACGCAAGAGAGGTTACTTGTCCCGTCCATGAACAGTAGACTAGCCTCTGCTACCGCACCTGAGCGTCACCTTCCATTGTAATGCGGATAATTCTAAACCCATATTGTGGTCTTGCACAGGCTGAGCGAGAGAATCCTACCCTTAATCACAGTGAACAACTTGCAATCTCGGGCGCACAGCCGCTGATATTTAAACCCCCAACACAGTGCCGTACTGCCCGTTTATTTTGCGCCTCGAATGGTTTCTCTCCATGCTTCTACCTCACAAATGACTGCAAGAAGAC,163
GGTCCATCGGTCTTATCCAAAGGTGAATTTCACTTTTTTTCATTATATCGGCACCCTAGGCTATCTGTATAAATCCGTCGCAGGTAGATATGACACGTGATGGAAGCTGCCAAGGGAGAGGGACTTCCATACCAACAGTATAAACCGACTCCCGTAGAAGCGCTGTTCCTCCACCACACAGGCGATCCGAGTTTATAGCGACACCATAGGGCGCTATTGTAGTCTTCGAGCTGCTCCAGCCTTAAAGCCCAGTATAGTGTGAGGCAGCTTCATTCAATTTGCGCGTAGCGGCTGGACCCT,299
ATGTGTGAGTTAGTTAGCTATGTCTAACTGCCTACACTCGTATAGCGGCCACATCGTACCTTAACTGCTATCATCCTACGATGCAATTGCGGATCAACCCTTTTAATGGAGCGGGTGACGTTCTCGGATGACTACGTCTACGTCGAGATCGACCTAAACGCCAGTCACGCACTGGTGTATTTGACCGGCTCGCCGTGGGCTTCTAAGGGAATCAGATTGTGCTACCAGACGCTCTACTAGGCGACCGTAATGTTACTTGGCTTTGTTATCAATGTGCTTTTTCCGATCTACTGCATCACC,160
CAGTATCGACGCGTAGCCCTGGATATCAAGCCCGCTCTAGCAAATACGTTACGTGAAAGAAGAGCCGTCCTTAGTGGGATGAAGCCGACTTCATCGCTTTAAGGCTTGATACCTCCCCCAGACTTGCTGGTAGTATCCATTTGCGCTCGGCTCACTCGCAACATTCGAGGGTCCATATTTGGGCTGCAACTACCGATTGTTGGGTTATCCTCGTATGATCGTCCGGCTTACTTCACAGTACTTCTGCCACCTAAGAGAATCAGCGTGGAAGAGCATGGTCATGTAAATGGGGGACCAGCA,193
TCGGTCATGCAGTGCTTTCCGCGGTGATGACGATCGGCAGGCCAGGCATAGTACCTAACTGGTATGATGTCGTTGGCGCCAGCCATCATTATTTTGTTTAGCCTATGTCTTAGCAGCTTACCCCCGAAGATAGGAAAAAAAGGCCTCGGCAAGGTAGGATGCGACTAACTAGAAAAACCGATGTCCACCGTTATTTCTGACACATTATATCCGCTCTCTGAGAACTACGAACCGTACTTCTTCAGTTAGGCGGCTCATTGAGGGTACTTTCAAGATTGTGTGTGCACAGGCGGCAATTGG,169
TTTACGTATGATCAAGGTTTTTATGGAAAAAGGTCCCTTGAACTCTAGTGAGCTCAAGGTCCAAAGCATCCATTGGGAGAATTGGAATCTTGAAATCCGTCTGCTATACGGCATATCTTCCTCCCCGGTAGCGCCCTAACAGTTTTGAGATTACCCGCCAAGTCAATCAAACTCCGGCCTTGAACTTGTCCTCGACGACTTTGCAAATAAGGGCACTTTAGAGAAGCCCACCTTATACGCGAGGAGCGAGTGTAGACCATATAAGCGGTATCGTTGCGCCAGGACTATCCCACTCTATGA,12
TTTGATAACCTCTTGACCTCGTACGCGGGTAAGCACATGTCCGAACCAAAGACAAGCCGTGCTGTCAATTATGTGCTACGTCCAACAATGAATAGTGAGGGGGGATTGAGTAATCTTCATATCTGTGCAGTGACGCCCTTGCAAGCGTTATTCAGTTTAGAACATGTTTCCAGCGTGAAAGTTATCATCCGGTATGCTGCTGAGAGTGTCCGTTTTCACAGTCTTGGTCAGTACATCATATTGTCCTATAAAGGCTAGTGGGGTCTCTCAGAAAGTCATAAAATAATGGGTGTCTAAGTC,31
AGCGGGTGGGGAGCCACAGTGGAAGTTGGCGCGGCACGCCGCTGACACCCCAAGGGTGGGGCTTTATTTCCTCCGATTCTAATAGGGCATGTTGTTTCAGTGCCCTTACTCCCTCCAGCTCTGTAGGATTGTAACACCTACAGCGGCCCGTGTACTTCTCGTAGCGCCTATAACTGTGTTTCATTCTAGCCAGCGGCCCGGTCATAGTCGGTCCGCGTTTTACAAGAAGTAGCCAGCTAAGAATACACGTTCCACCTCATTTCGGTCTCCGGGTACCCGAATGCGTGCATGCCATGGCCC,53
AAAGATTGTTGACATTTGAGGGCCGAACCAGTCTGTTCGGCCTGCAAAGGCCACCGTCGTAGTGAAAGATCTTGCCCGTACACAGTAGGTTTTGGAATAGCTGGTCCACAGATCAACTGCTAGCTACACGAAGAGGTGAGGTAGGTTCAGAAAACATTGGCGTTATCCACTGTCCACGTCACACCAGTTATTCGCTCGGCAGTTCGTTTTTCCTGAGACGTACTATTCAGTGGGCGGGAATTGGGTGATCGTAACTCAAGGAGCATCAGTGGCACACCGCTAAACACGTACAATGACTAG,111
CAGGACAGTACCGGGCTGAGGGCGGGCGCTCACGAGACCAGACACTCATCGAAGCGTGCCGCGGGGTCCTCGTGTCAACGGTAAACCTGCGCTATCCCCTATCAAGACGATACGCCTTAGTCGACGGAGCCCAGTAAGATGGAAGATACGAGGATAAATCATAATTGTATTCCGTCACGGCATAGCAGCACGATGACTGACCCGCAACCAGTTTTGCACGCGAGTAAGTTTCTCTCTCGCATGACCAGCTTCATTCCCGTCTCCTCTGAAACAGTTTCCTGGGCTTGTTATGGATTCTAA,195
AACGCCGGTAAACGGTTCTATACACGCGAGGTAGCCCTTGAAATGTTGTCTAGGTAGTACGACTGCACAGTTAACCATTCGTTCTTATATTGCTGGGCTCTAGCCAGGCCGCCTAACTACAAGTGGGGTCACCTATCTATCTCAGGACCCACCATTCAGTTTATAGCCCCCATAATTGCTCCCGATCGTGTATCTGCAGCGCTTACAGGGGCAAGTCTTGGTATCACTACCATCTTTATCGTTACATCGTAGGTGGGCCTGAGAAAGCAAGTCTATTGGCACCTGGGTCACACCCCTATA,147
GTCCACTACTCAATGCGGCGGATTGCTCGATGGTGGATATCTCATGGATCCATTGTGTCACCCGGATAACACCTTACAGGCCGGGACTGAACAAGCATGTTTAGTCCAGTTCGATTCACGATCAAGACCGTACGCCTCCGACGTGCGACCGACCAATAATGGAACGTTAAGAGGAGTTACGGGAACGTTTAAATGTCAAGTTAGCTATACACGAGCTGATAGTAGGTGTCAACCACTTAGCATGGACAATAAAGAGCCTTTCCCCGAGTCGAGCTCTTTGGTAACCATCACTTACTGTCA,15
TTGATATAAATCACGTCTCTCGGGAAACCTCACCTCCATAGTGCAGACCTATCACACGTTCGTCTACTTCATCTAGGATAATTGTTCTAAGGTTACACACGAAGCGCCCTCACCGTTCTAACGCCTAGGATAGGTGTTGCCCTTGGCTAACATATCATTGTGGTGCGATATGCTACCTAGACTCAGCTCTAGTCATTGGGTCACGGAGCAGCGTTGGCCCCTATTTGGGCCTCGGGGCTAGGGCCGACTGACCCGCGGAGTGGGGTAGCTCACGACGACGATTCGATCACCAGACCTGAA,295
TGGCACATTTAAGCTGCTAACATCCCTGAGAAGCATCAAGCATGGCGCGACATCTGGTGTCTACGGATAAAGCGACGACTTTGTCAGGAAGCCATGCCAATAAACGTGATAGGAATGCTCCAGTTGATAAAATTGCCCGACAATCGTGGGTGTGCGAGAGCCACCGCAGATGCGAACTCCGGGAGTGATCACGTCAACGCAGAACGCTAGGTGGTAACTTCAGGGACATCAGTCTGGGGTGGGATGTGATCTCGTGAACGTACACACGTGATGCGGCGGGCACTGGGTACCGCATGCCCA,181
GTGCTCCAGAGTACGTCAGGCCTACACGTCTGGTGAACACGCTGGCCTCATGAGATTGTGTGTGAGCGGAGGGAAAGGGTCTGCTAACGTCCGCGGATACAACGGCCGTAAGAACGGCACCTCTAAGCCTCAACTAAGATACTAGGATGGGTCTTCGTGATTTGCCTTTCTTCGCCAATATACGGTGGGAGAGGACAGATCTATTTCATAGACGGAAGCGAGTATATATCAAGATATCGTGAACCATTCACTCAGTATCAAGCACCTCTGCTTTCCATGGTACGCGTTGCTGATACAGCT,168
ATGAAATGAACCTAGTGGTGTCTCTCCCGTCACCTTAATTGCCCAATTTAGGTGTTTTTGAACGGGTGTTGCGGCAGGTAGGTGGAGGCCCGCGGCTTGAGAGGTAAGCATATGGGGCTCTTTCGACATCTCTAGCGCCATCCGGAACTATCATAATTTTCGGCATTTTTGGGGCCGAGGACAGCGTACATCATAATGGCGCAAGGGTGCGCTTACACACCGGGCTAAGGTGAGAGTCGAAGGGAAACGGGCGATTCTTCCTTCTTGGTACGTATCCAGCATGCTTTTCGCTCCTTGGGA,137
TCATTGACTTACTTCGACCGGACATTGTGCACAGTTCTTCGCGCACGGACCCTTGCGGCGGCTGCAAGCCTGTTACTTCAAGAACGCAAGAACGCAGGTTAAAGGAGCGAGACGTAATGTGACCCCGATATAATATCGAGGATCCCCAGCGCGTCAGTGGTAAGGCGTAAGGTGGTGTCGGTTGTCACTACGCCAGAGCAGGGAATTACCTGATTATTCCAGGGCCTGCTTTGCCCCCAATGGCACGGTACCTACCGCCAACTCGGCTGAATTGAACTCGTGTCTTACTAAACCGGCAGA,139
CAGCCGCCACTCGGGCTCGTACGTCAACTAGTGTTATGGATATATCTTCGGTTGCCGTGGTACTAAGCGTTATAGTAGGCGCGTATCTGCTGCTTCTAATCAGCTTATAAACGACCATGCGTATGCAGGGACATAGCCTGCGCCGCAATACGCCTCGGCTCACCGGCAACGCCCGGTTCCCTGTAGCTTGAATTACCGAATAGACAGAGCATCACGTACATTTGTTAGAGCGAAGTCTACTTAATCGTGGCAGCCTAAAGGGTATCGTGCGTAGGTATAAGACTTATGTATCTGACCACT,61
GGTGTTACTGTCATGCGGGGGGGCGACAGCCCGAGCACCCCTGACAGTGCGCGGCCTGACAATTATAGGTTACGGAGCTGGGTAGGACAAAATCGTTAGGGGACCGCGATTATTAGCCGTAAATTTTGCTATCGCTCTTTCGTTCCATGCTTTAGGAGCCTGTCAGGCGTTAAATCTGCACTAGACAGTTGAAGTCTGAGACACAGCGTCTCGAGGTCGTCTACATACTTCTCGTTTTTACGGCGGTCGCCTGCCTCTCCGACACGAGATTATACTTAACTCTGTTAATCCTCCTAACAT,57
AGTAAGGGGACCAGATTGTTAGCATAGGTGGGGAGTTCCGGTCACATCGCGGCAGGATTCCTGCCGCGTCTTCGAACGTTAGATCTTAGGGCCTCCTCGACAAGAATAGAGCGCCCAACGATTAATGTATACCGTTCGGAGTACATTTGAAAGTGGACAACAACCATTTTTATGAAGTCGCGCCGCGTGCATAGTGATTTATACTAATCTGGAAACCGGGCGTTGGCGGCCAATAGCATAGGTGACGATCTGTAAACATGAGGCTTTCGGCTCATTTTAATCGAGATATACATCAGTCCC,25
CGATCGTCTTATTACAAGGTCTCCGTAAATTATGAACTATGAGACCGCTCTCAAAGGCTAACAGTCGAGTGATAGACTTATCGGGTCACCTATGCAAGATTACTAGAGCAGTTCTGTTGGCCCGTAGTAATCCATTAGTACTTTGTAAGGCACCTCCAAGGGGTGTCAACAATACGGCTGAGAGTAATTGGATGGGGTCTAACATCCTCCGTTCTTTACCAATCAGTATTCTCGTGATTCAGGTATTATCCGGGGTCTATCTGGACGGTCTAGACTACGTTTGTGCTGCAACATATCGTT,239
GTGTGTCCTAAAGTCCCAGGAATTGATGACACTAACATGGGATAAGGAGACCCTTTTTTAGCATTCATGAGCATTTAATCGCGCGCGCTCATACGCTAGACTGCTCACAGTGGAGGATTTGCGAGTTTCCCAGATCCAATAGGTAGTGTAGACACCACGATCGCATAATTAAAGGTTGTGTACTACAAGTGTCTGCTTGACGCAAGGCCCGCGAACGAGATAAGTGAGGAAGATAGCACTAGTGCACCTGCTATCTTCGGTCCCATGCGCGTCGCAGAACTTTCGGAGCGTGCACCATCC,30
CGGTCGGAGGAGTTTTTGGTAATCCTTAATGGGAAGGGGTCATCCACTAGTAGGTATTCTTGTCTAAGCCTTATCGGGTTACACGATAAATGTAAAAGTGTTTCGAATCACATCTAATAGCGACGGCCTATCCGTTCAATCCGGAGGGCATGCGAAACTCCCCTTGTTTAGATTACAACGCATTGTCATTGGGCGGACACCACAATGTCGTTAAGCCAGTGTAGGGGCCGGCTTACGATTTATTGTCTCGCACTGTGGAGCCTCATCAAAAGAAAGCTGAATCGTGTGCACCGCGACCCT,66
GTCCGGTTCAGTAGCGCGTTAACCCCCGAGGGGCCGTACTACGTTATAGTTTCTTGTAGAGGTTTGCGCCGGCCGTTGTGCCTCTAGACACGGTCGCGTATACACTTCCGATAATTATGGGCGATCAGGCAATAGAATACCCCTTCTTAGGCGATCCCAGGTGGTACGTTTCCGTTCTAAGACAGCAGATCCGTTCAAAGTTAAGGCTCTTGTAGCTTTAGGAGACAGCATCATGCGTGATACCAGTACAACTTCAGTCAGGACACCCATGAAGCGAATGCATTTCGATACACTGTCGTA,257
TCGTAGTACACCTGCAGATGGGAAACGATACGCCTACAAGTCCCGACCGACCGAGTACATGTTCCGATGTGCATGACAGACCCCGGTTCACCAAGTGGCCCACAAACCTATTTACCCAAATCTCACACTAACATTGCCTGAGTATGTTCCACTAGTTGGTCTGCTTAGTCTCCATCGGGCAACCCAGTGCGATTCCTTTACCATATACGTGAAACGCGTAGCGCCGGCCTGATGGTGTTGACCAGTGTACGGAAATGAATCGTACCAGCGTGGGCGCCCCATCCTTAGTCAACAGAGCTA,142
GGGCTATTCAAGTAATCGATCACGGCCTCAAAGTATGCCCCCTGGGTCACACGGGCGCCACAAAATCTTAATGCAGTCTTTCCAATAACAAGAATCTAGCTTTCCATCCCAGGTCGGGTATATAAGTGGTAAACCCGTTTTCCGCAGCACGGCTCTTGAGTGGATATAACCTTCTAATAGGTTGTATTGAGTGGGCGCCTTTGTCATACCCAAGGCATAACGTAACAGTTATCGCAGCTGGTATAGTAAGCACTCTACGGCAAGTTACCTTTCCGGCGCAACGGGGTGAGTCCGAGAGCG,126
GCGCGGGGACTGCGAAGGGCGAAGAGAGTCCTCAGAGAGTGGGGGTCGCCTCGCCATCAGTCGCGCCTGTCTACGGAATCGGCCGGCTTCCTCCAGTACTATCGGGATACAATTTATCCGCCCATAGAAGTCTCAGTTATGGCAGCAGCCGTGACAATGCAATCATTCGTACCTGTATGGTTCCTTACCACTCGGATACAGTTGAGCTCTAGCAAACGTTTCCCGCAATACGATGGGGAACCGGACATTTTTAACTAACCTTGGAAATCCGGTTGAAGATTTGTCTCACCTTCGAATCAC,18
ATTTGGCTAGAGTACGCTGAGCGCTTTGCGAGGTCCATGCATGTCAATCCGGAAAATACGTAGGGATCGTATAGCATTTGCCATATTCCTCTTGCCTCTGTCCTTCGTAGGGACGGGAAGGGCCCAAATCTTAGCGGCTCAATTGGCGAGAGTTGTGGGGCAACGAAATCCAAAACTTGAAGAAGGACCAAGTTTCTTAGCAGCCAGGTTAGGGCGTCTGGTTGCCCGATAAGCTTATTCCTGACTGGCGAAAGCGGGGTAGGCCCCGTCGGGCAGGTTCATCAAAGATGAAAGCTTGAC,179
GCTCACAGGACGCTTTTTACTACGAGGATGAATTCCCTGAAGAACCATGCCTCTCCCTAGCCATCCCTGAGGCCCAGACGATTCTATCTAAAGGCGTCATTCCGATCGGTCCAAGGGCCTTAGAAAAATTAAAGAGCACAGCCTAAGGGTTCGGAGCTGAACACGTGGGACCACCGGCGGCACGTTTAATTTGTGATGCACATTTGCACCTACTTATAACCTACGAAGAGGTGTTCCAAGAAGTAGATAAACTGCGACTATTTCTAGAACCCCGCTATGCGCCTGTCGAGTGTTAACAGG,201
GCGTGAGGATCATCTGTGACAGCGACTTCGCCCTTCTGTTATTCACGAATAAATTTAGCTGTGGGAGGTACTACCTTGCCCAAGTAAAGGTCTTCAAATCTTCTTCGTATTTACCGACACGTATTGCCTTGGTGATCGTCACATGGTTTACTACTGGACTTGGGTTTGTCGAATTCCAGGTCGTAACTAAGGGGGATATTTCAGCGCAGGTCCGACCACGTAGGGTAGCGTAGAGTAGAAGCGCTTTAGAAGGGTCACTGCACAATCACCGGCCACCTGAGTACCGTTAGACAGAAGATT,257
TTCCGTCCATTACGTTTACCTCTTATAATAGGACCGGGTCAGTCTTCGTCCCTTCTGAGTCTCAGCCCACGTTGTGTTACGGGAGAGCGTACATTATAATAAGTTGGGCAAAAGTCTGATAGCTCATGGGAGATAGAGATGTAGAACTTATGGGCGCACCCGGCGCCGTATATAGGAAAGTACATCTCAGCCGAATCCGTGTTCGCACCAAATCTGTGCATTTCGATATAAACCTTGGTCCGATTGTCGAGAGCACGCTTGCCTTCCTTACATCAGTCTCACGGGCTTCAAATTAAACGG,230
TGTATTGTTATACTATAGTGAAGGTAAAGCAAGCGTGCTACGAGCAAAGGCCTGGTCAAGGCACTAGAATTGTGTTTAACCAGTGCATACGGGGTGGGCTGCCTACGAAGACCTAACGAACCTGGGCGCAGTAACGAGGTAGAAGAATGACAACTGGATATAGGGGACGGAGGTCTCCTAGGCATCGTTTATACCGCGTATATTTGATAGGTCTTTCACCAATCCCAGTTCGCCTTACCCAGTGAAAAGGACACATAAACAGAACTTTTGGCGGCTATCTCTTCACAAAGTCGTACGGAT,124
GGACTGCATAGCTATCTTATCTTATGACCGGGTGAAGTATCATGTGATATCCTCGCAACGTATTCGCGGGGAGCTGTGTAAACACGCTTTACAAGGTCAGTCGAGGTCAGCTTCACCATCACCAGCGCATTGGCTGCTAGATATTCGTGGCGCTGCCGACGACGAGTCACATTGCTGAAAAATATACCACGCCCACATTGTGCAAGCGGGCGGTTAGATCAAGCCTCCATGTCACATGCGCTTTATTTTGTCTTTTCGAGGTGCGTAGATTTATAGGGGTGAAGTCTGTTCAAATAGAGC,285
